Date,Open,High,Low,Close,Adj Close,Volume
1/2/2020,59.6875,59.97750092,59.18000031,59.97750092,59.74124527,23753600
1/3/2020,58.77500153,59.45750046,58.52500153,59.01750183,58.78502274,20538400
1/6/2020,58.08000183,59.31750107,57.81750107,59.26499939,59.03154755,26263600
1/7/2020,59.54999924,60.44250107,59.09749985,59.98249817,59.74621964,31485600
1/8/2020,59.93999863,60.50999832,59.53749847,60.09500122,59.85828018,27710800
1/9/2020,60.96250153,61.48249817,60.21500015,60.75500107,60.51568222,25511200
1/10/2020,61.83250046,62.13750076,60.9375,61.08000183,60.83939743,31629600
1/13/2020,61.91500092,63.24750137,61.6875,62.99499893,62.74684525,31984000
1/14/2020,62.56499863,62.81999969,61.6875,61.81999969,61.57648087,35908800
1/15/2020,61.94749832,62.17250061,61.13249969,61.39250183,61.15066147,26310400
1/16/2020,61.93000031,62.29249954,61.69499969,62.23249817,61.98735809,28419200
1/17/2020,62.42499924,62.5,61.84249878,62.31999969,62.07451248,25379200
1/21/2020,61.95249939,62.32249832,61.64250183,61.98500061,61.74082565,21791600
1/22/2020,62.43999863,63.39749908,62.25,62.52750015,62.28118896,23924000
1/23/2020,62.93000031,63.29999924,62.03749847,63.21500015,62.96598053,24451600
1/24/2020,64.375,64.875,62.07500076,62.61999893,62.37332535,37351200
1/27/2020,59.56000137,60.5625,58.05749893,60.04999924,59.81344986,47053600
1/28/2020,60.71250153,62.31750107,60.17750168,61.99250031,61.74830246,31097600
1/29/2020,61.84749985,62.20999908,60.98500061,61.38499832,61.14319229,25884800
1/30/2020,60.40250015,61.58750153,59.84999847,61.45249939,61.21043777,29050400
1/31/2020,60.99250031,61.11249924,58.6875,59.10749817,58.87466812,37042000
2/3/2020,58.92499924,60.27750015,58.86249924,60.08250046,59.84581757,25556400
2/4/2020,61.50749969,61.97499847,61.00500107,61.78250122,61.53913116,27154400
2/5/2020,62.99750137,63.09999847,61.85250092,62.68999863,62.4430542,20822000
2/6/2020,63.03499985,63.5625,62.22000122,63.5625,63.31211853,21828400
2/7/2020,63.15999985,63.38249969,62.64250183,62.89749908,62.64974213,18975200
2/10/2020,63.125,65.75,63.07500076,65.74250031,65.48352814,52960800
2/11/2020,66.83000183,68.125,66.20749664,66.97250366,66.70869446,63855600
2/12/2020,67.50250244,68.19999695,67.11250305,68.13500214,67.8666153,37464400
2/13/2020,67.55249786,68.37000275,67.27749634,67.69499969,67.42832184,52801600
2/14/2020,71.81500244,73.74250031,71.5,72.44750214,72.16210938,104192400
2/18/2020,71.41000366,74.32749939,71.21499634,74.14250183,73.85044098,62016400
2/19/2020,75.37249756,78.85250092,75.37249756,78.67500305,78.36508942,69433200
2/20/2020,78.19249725,79.08000183,74.08750153,77.17500305,76.87099457,81005200
2/21/2020,76.04750061,76.30000305,72.66500092,73.51750183,73.2279129,76818000
2/24/2020,67.54750061,70.46749878,67,68.31999969,68.05088043,85691600
2/25/2020,69.07499695,69.69750214,64.48999786,65.51249695,65.25444031,105549600
2/26/2020,65.51499939,68.86250305,65.5,66.91249847,66.64892578,74773200
2/27/2020,63.72499847,66.75,62.22249985,63.15000153,62.93886948,90641600
2/28/2020,60.61500168,68.11499786,60.44749832,67.51750183,67.29174805,113325200
3/2/2020,69.22499847,69.39749908,65.25,69.10749817,68.87644958,89074400
3/3/2020,69.66750336,70.26750183,65.61499786,66.47250366,66.25027466,65279200
3/4/2020,67.55000305,71.22250366,66.80000305,71.12750244,70.88969421,59740800
3/5/2020,69.125,70.80000305,67.875,68.32250214,68.09405518,54032800
3/6/2020,66.51999664,67.09750366,64.5,66.51000214,66.28764343,51541200
3/9/2020,59.97499847,64.84999847,59.54499817,61.36000061,61.15485382,61416000
3/10/2020,64.13500214,65.26999664,61.49750137,65.26999664,65.05177307,58064800
3/11/2020,63.86500168,64.15000153,60.64250183,61.61750031,61.41148758,49996400
3/12/2020,56.36500168,59.02999878,53.95000076,54.07749939,53.896698,81654000
3/13/2020,57.625,60.25500107,54.90250015,60.20999908,60.0086937,63483600
3/16/2020,53.10250092,56.52500153,48.5,49.09999847,48.93583298,72697200
3/17/2020,50.22750092,55.21500015,47.75,54.31750107,54.13589096,83363200
3/18/2020,50.02500153,52.48500061,45.16999817,50.70500183,50.53548431,87426800
3/19/2020,50.49000168,54.18249893,48.34749985,53.24250031,53.06449127,76551200
3/20/2020,54.75,57.58000183,51.28250122,51.4375,51.26551819,80463600
3/23/2020,51.42750168,54.11999893,49.63000107,53.17250061,52.99472427,64387600
3/24/2020,57.25,63.16500092,57.01250076,62.29499817,62.08672333,110164400
3/25/2020,63.45000076,65.45500183,60.91500092,61.40499878,61.19970322,79343200
3/26/2020,63.48500061,65.55500031,62.5,64.30999756,64.09497833,69610800
3/27/2020,62.5,65.77999878,62.16999817,63.18249893,62.97126389,63882800
3/30/2020,63.84000015,66.48999786,63.39749908,66.39749908,66.17549896,60225200
3/31/2020,66.80000305,68.84999847,64.4375,65.90000153,65.67967224,94996000
4/1/2020,63.91249847,65.38249969,60.31999969,60.76750183,60.56432724,65691200
4/2/2020,61.06000137,64,60.57749939,63.86750031,63.653965,67576400
4/3/2020,63.49000168,63.90750122,59.59749985,60.97750092,60.77363205,66321200
4/6/2020,63.81000137,67.47000122,63.23249817,67.09999847,66.87566376,72788400
4/7/2020,69.32499695,69.5625,64.32499695,64.75749969,64.54097748,78452000
4/8/2020,65.85250092,66.98750305,65.15000153,66.73750305,66.51438141,54244400
4/9/2020,68,68.23000336,65.10500336,65.73750305,65.51771545,52556400
4/13/2020,65.13749695,67.55000305,64.25,67.46250153,67.23696136,39840800
4/14/2020,68.75,71.33000183,68.47250366,70.98750305,70.75016022,53094800
4/15/2020,69.30000305,71.04250336,68.84500122,70.20999908,69.9752655,36614800
4/16/2020,71.76999664,74.75,71.63749695,73.67500305,73.42868805,74562000
4/17/2020,74.5,74.71499634,71.73500061,73.08000183,72.83566284,53912000
4/20/2020,71.80999756,73.375,71.31749725,71.76249695,71.52258301,44938800
4/21/2020,70.57749939,71.19249725,66.77749634,67.37750244,67.15224457,73516000
4/22/2020,69.30750275,71.96749878,68.84999847,71.53749847,71.29830933,48335600
4/23/2020,71.95999908,73.28500366,70.75,71.00250244,70.76511383,42416000
4/24/2020,70.90000153,72.41750336,70.15000153,72.39749908,72.15543365,35232800
4/27/2020,73.74749756,75.875,73.5,74.26999664,74.02167511,47938800
4/28/2020,75.75,76.05000305,72.78500366,72.83999634,72.59645844,44290400
4/29/2020,74.19249725,75.14499664,73.4375,74.61499786,74.36553192,37916000
4/30/2020,74.07250214,74.61499786,72.93000031,73.06999969,72.82569885,37591600
5/1/2020,71.08750153,72.22499847,70.20999908,70.69499969,70.45863342,34209600
5/4/2020,70.22000122,72.95999908,70.22000122,72.82250214,72.5790329,31755600
5/5/2020,73.86750031,75.06749725,72.82250214,73.43499756,73.18947601,36889600
5/6/2020,74.23249817,75.5,73.85250092,74.44750214,74.1986084,32346400
5/7/2020,75.84500122,76.85250092,75.33000183,76.21749878,75.96266937,37373200
5/8/2020,76.9375,78.1875,76.59750366,78.125,77.86380768,33921600
5/11/2020,78.07499695,81.125,77.78749847,80.65499878,80.3853302,46906000
5/12/2020,81.23500061,81.72499847,77.92749786,78.02500153,77.76415253,49306000
5/13/2020,79.17500305,80.78500366,75.94750214,77.80000305,77.53987885,62585200
5/14/2020,78.41750336,80.36000061,76.875,80.30500031,80.03649902,60231200
5/15/2020,78.89749908,85.00499725,78.73999786,84.90750122,84.62361908,98766000
5/18/2020,87.60500336,89.16500092,86.80500031,87.50250244,87.20996094,77446000
5/19/2020,87.90249634,90.875,87.62750244,88.05500031,87.76060486,71732000
5/20/2020,89.91000366,90.43000031,88.88749695,89.69999695,89.40008545,58753600
5/21/2020,90.51499939,90.52500153,87.375,87.75250244,87.45911407,76106800
5/22/2020,88.25250244,90.93000031,87.13249969,90.26249695,89.96070862,103876400
5/26/2020,91.56749725,91.81749725,86.72000122,87.17749786,86.8860321,77078000
5/27/2020,86.25,86.32749939,79.96749878,85.25250244,84.96746826,117589200
5/28/2020,84.12249756,87.60500336,83.79250336,84.87000275,84.58625793,73489600
5/29/2020,85.54499817,88.75499725,84.84999847,88.75499725,88.45825958,74525600
6/1/2020,88.33249664,88.40750122,86.89499664,88.0625,87.76806641,38987600
6/2/2020,87.96250153,88.37249756,86.58000183,88.25250244,87.95743561,39132000
6/3/2020,88.22250366,88.66249847,87,87.69499969,87.40180969,36544000
6/4/2020,87.27999878,89.43250275,86.77500153,87.66500092,87.41178131,42428000
6/5/2020,87.94499969,89.97000122,87.08000183,89.19999695,88.94234467,48174800
6/8/2020,88.77249908,88.89749908,86.85749817,88.05000305,87.79566193,38773600
6/9/2020,88,91.09750366,87.51249695,90.45999908,90.19870758,46848800
6/10/2020,91.67749786,95,91.53500366,93.66750336,93.39694214,63218000
6/11/2020,91.5,92.61250305,87.86000061,87.96250153,87.70841217,58365200
6/12/2020,91.625,91.87249756,87.03250122,89.32499695,89.06697083,57090800
6/15/2020,88.15249634,91.82250214,87.4375,91.73750305,91.47251892,40000400
6/16/2020,92.25,92.66750336,88.38749695,90.68499756,90.42304993,53571600
6/17/2020,91.13749695,92.98999786,90.70249939,92.36000061,92.09320831,40830400
6/18/2020,92.26999664,92.82499695,91.14499664,92.18000031,91.91372681,25440800
6/19/2020,92.42500305,94.44999695,92.27249908,92.61250305,92.3449707,52416000
6/22/2020,93,95.3125,92.73249817,95.26750183,94.9923172,39846800
6/23/2020,95.51000214,96.42500305,94.07499695,94.5,94.22703552,37510800
6/24/2020,94.76249695,95.56500244,91.44499969,92.35500336,92.08823395,44937200
6/25/2020,93.55750275,95.05000305,91.82250214,94.90000153,94.62587738,37607200
6/26/2020,95,95,91.25,91.55000305,91.28556061,59208400
6/29/2020,91.69750214,92.04499817,89,92,91.73426056,34224800
6/30/2020,93.13999939,95.26249695,92.66500092,94.97750092,94.70315552,36789200
7/1/2020,95.20749664,95.75749969,94.12999725,95.30000305,95.02472687,32664800
7/2/2020,96.38999939,97.375,95.78250122,96.12249756,95.844841,36405600
7/6/2020,97.41750336,99.08750153,97.125,98.39250183,98.10829926,31589200
7/7/2020,99.46250153,100.6999969,98.50749969,98.71749878,98.4323349,35780000
7/8/2020,99.9375,102.25,99.65499878,102.1600037,101.8649216,36548000
7/9/2020,103.8024979,105.6999969,102.3349991,105.0899963,104.7864456,49454800
7/10/2020,105.8874969,106.5524979,103.7874985,104.7925034,104.4898071,49767600
7/13/2020,105.9499969,107.9225006,100.25,100.5224991,100.2321396,45707600
7/14/2020,100.75,104.0274963,97.85500336,103.7699966,103.4702606,54267600
7/15/2020,104.1425018,104.3300018,100.5575027,102.2724991,101.9770889,40398400
7/16/2020,100.1500015,102.0674973,98.95500183,101.3475037,101.0547485,34496400
7/17/2020,102.2549973,102.4850006,100.8775024,102.0149994,101.7203293,26628400
7/20/2020,102.7425003,105.3125,101.5674973,105.1074982,104.8039017,28485200
7/21/2020,105.1299973,105.5999985,102.8675003,103.2850037,102.9866714,27703600
7/22/2020,103.6750031,106.0250015,102.9150009,104.3874969,104.0859604,36729200
7/23/2020,104.5,105.4700012,100.3125,101.2975006,101.0048904,41166000
7/24/2020,98.75,103.6474991,97.76999664,101.9449997,101.650528,47329200
7/27/2020,102.3225021,104.4175034,102.1774979,104.2149963,103.9139633,29213200
7/28/2020,103.7425003,103.8199997,102.0924988,102.1549988,101.8599167,27163600
7/29/2020,103.9075012,105.1624985,103.4700012,104.6549988,104.352684,28450800
7/30/2020,103.75,106.2300034,102.9524994,106.1399994,105.8334122,30888000
7/31/2020,105.6324997,107.6650009,104.3300018,106.1474991,105.8409119,38608000
8/3/2020,107.3249969,110.9875031,107.1524963,110.1025009,109.7844772,41272000
8/4/2020,110.5,112.2774963,109.0599976,112.2774963,111.953186,31033600
8/5/2020,112.4400024,113.7174988,111.6624985,112.8675003,112.5414886,24992400
8/6/2020,113.4974976,113.5800018,111.7874985,113.3550034,113.0275726,24431600
8/7/2020,113.125,115.0475006,110.375,111.9950027,111.6714935,34251600
8/10/2020,113.3424988,114.0824966,108.5650024,111.6500015,111.3274918,42779600
8/11/2020,110.7375031,111.3675003,107.9574966,108.5,108.1865845,35451200
8/12/2020,109.9075012,114.6699982,109.5824966,114.4024963,114.0720291,46441200
8/13/2020,115.4599991,117.2174988,113.5575027,114.4300003,114.0994492,37446000
8/14/2020,115.3000031,117.0475006,114.4049988,115.6399994,115.3059692,36643600
8/17/2020,118.5124969,124.0975037,118.1725006,123.3700027,123.013649,62130000
8/18/2020,124.5,124.9599991,120.8625031,122.6074982,122.2533264,50344800
8/19/2020,122.9649963,123.1500015,120.9800034,121.3850021,121.0343781,62262400
8/20/2020,119.75,123.75,118.7874985,121.4100037,121.0593033,92138800
8/21/2020,122.0175018,128.0874939,121.9524994,126.8349991,126.4686203,99986800
8/24/2020,128.8374939,129.125,125.0749969,127.2024994,126.8350601,49056400
8/25/2020,126.3075027,127.6125031,125.7375031,127.5,127.1317139,28907600
8/26/2020,127.9925003,128.6849976,126.7774963,127.7300034,127.3610611,32124400
8/27/2020,127.8150024,128.5,125.6650009,126.2825012,125.9177246,31760400
8/28/2020,126.75,131.4799957,126.4250031,131.4774933,131.097702,53716000
8/31/2020,131.8274994,135.75,130.3775024,133.7449951,133.3586731,50084000
9/1/2020,134.8000031,139.9375,134.3650055,138.2100067,137.8520203,51131600
9/2/2020,147.0375061,147.2675018,139,143.4649963,143.0933838,87401200
9/3/2020,138.2875061,138.8450012,128.7875061,130.1549988,129.8179016,94512800
9/4/2020,127.8375015,131.75,117.0475006,126.2249985,125.8980484,146368400
9/8/2020,117.3450012,125.5,117.0425034,119.1299973,118.8214188,79572800
9/9/2020,124,128.0924988,122.3174973,127.1500015,126.8206558,73620000
9/10/2020,129.8925018,130.6524963,121.6699982,123.1175003,122.7985916,69868400
9/11/2020,124.8550034,126.5250015,118.9574966,121.6449966,121.3299179,63692800
9/14/2020,130.8099976,133.1499939,126.3125,128.7225037,128.3890686,120174400
9/15/2020,132.8000031,132.9875031,128.2774963,129.9100037,129.5735321,72755600
9/16/2020,129.5724945,130.9275055,125.1374969,125.1449966,124.8208466,55638400
9/17/2020,121.3225021,125.8974991,120.3475037,124.6350021,124.3121872,79251200
9/18/2020,125.9375,126.3249969,119.8874969,121.8925018,121.5767593,69846000
9/21/2020,119.25,125.2249985,119.0449982,125.1725006,124.8482742,72104400
9/22/2020,125.75,126.4800034,121.5550003,126.3775024,126.0501556,64645200
9/23/2020,125.7549973,127.2699966,120.7925034,121.2375031,120.9234619,64701200
9/24/2020,120.7225037,125.6949997,120.1399994,123.4800034,123.1601563,73124000
9/25/2020,124.4749985,128.8350067,122.4574966,128.7375031,128.4040527,58801600
9/28/2020,130.4024963,130.5175018,127.5,130.3500061,130.0123596,57380800
9/29/2020,129.375,134.4275055,129.3325043,132.2575073,131.914917,62146000
9/30/2020,131.5749969,136.2250061,131.5025024,135.3049927,134.9545135,68918400
10/1/2020,137.5800018,137.6275024,134.6074982,136.1450043,135.7923431,52500400
10/2/2020,132.25,135.1950073,130.5099945,130.6224976,130.2841492,55249600
10/5/2020,132.3600006,136.4425049,132.2274933,136.4250031,136.0716553,47982000
10/6/2020,138.3000031,141.4199982,136.6499939,137.3650055,137.009201,78442000
10/7/2020,139.9974976,141.1925049,138.6349945,139.6399994,139.2782898,41808400
10/8/2020,140.75,140.8450012,137.5800018,138.3874969,138.0290833,37890000
10/9/2020,137.6699982,138.2424927,136.6074982,137.6275024,137.2710266,34689200
10/12/2020,139.8950043,143.4700012,139.125,142.2599945,141.8915253,43474400
10/13/2020,142.9649963,143.4850006,140.1875,142.4824982,142.1134186,34460400
10/14/2020,142.9049988,143.4275055,139.6000061,140.9524994,140.5873871,27610000
10/15/2020,138.1074982,140.0574951,137.6775055,139.6999969,139.33815,26722400
10/16/2020,140.3674927,141.2149963,137.9250031,138.1150055,137.7572784,24239200
10/19/2020,139.0299988,139.8350067,134.0675049,134.9774933,134.6278992,29806800
10/20/2020,135.8350067,137.9974976,135.0700073,136.4550018,136.1015625,22921200
10/21/2020,136.25,137.9149933,134.7749939,135.2474976,134.8971558,21959600
10/22/2020,135.2250061,136.1174927,132.3175049,133.6100006,133.2639313,29048000
10/23/2020,134.5,135.9324951,132.9125061,135.9024963,135.5505066,23348400
10/26/2020,134.2700043,136.9275055,130.3849945,131.4125061,131.0721283,33689600
10/27/2020,133.0599976,134.4199982,131.9149933,133.9674988,133.6204987,25052000
10/28/2020,131.9799957,132.6000061,126.0899963,126.2699966,125.942955,37652000
10/29/2020,128.3849945,131.9275055,127.5,130.2400055,129.9026642,32008000
10/30/2020,128.5,129.3650055,123,125.3399963,125.0153351,41682000
11/2/2020,126.5774994,128.3674927,123.9499969,125.8075027,125.481636,29965200
11/3/2020,127.0849991,131.0500031,126.0274963,130.1950073,129.8577576,27290000
11/4/2020,133.8925018,138.2749939,133.3699951,137.9425049,137.5852051,41022800
11/5/2020,141.625,143.3899994,139.9100037,141.6000061,141.2332306,31902800
11/6/2020,141.0975037,145.8874969,138.9499969,145.6199951,145.2428131,38334800
11/9/2020,145.5249939,146.9149933,136.1074982,136.3074951,135.9544373,58297600
11/10/2020,136.0650024,136.0650024,126.2825012,127.6999969,127.3692398,64406800
11/11/2020,130.5375061,134.3500061,129.4824982,134.1799927,133.8324432,40474400
11/12/2020,134.7899933,137.6600037,133.1600037,134.5675049,134.2189636,36581200
11/13/2020,136.2725067,136.6875,130.5924988,132.9700012,132.6255798,34631200
11/16/2020,131.7250061,136.4949951,131.5599976,135.1524963,134.8024292,41377600
11/17/2020,135.5249939,135.9624939,133.0375061,134.2225037,133.8748474,31202800
11/18/2020,134.6524963,136.0574951,131.8500061,134.2875061,133.9396515,51092400
11/19/2020,132.1275024,134.875,131,134.4024963,134.0544128,56593600
11/20/2020,134.5399933,134.9450073,130.6499939,130.8775024,130.5385132,34108800
11/23/2020,131.7124939,133.8249969,130.1549988,131.3999939,131.0596161,36135600
11/24/2020,131.4250031,131.6199951,128.8500061,129.5774994,129.2418671,34650000
11/25/2020,130.3249969,132.6950073,130.1999969,132.3475037,132.0046844,25991600
11/27/2020,133.75,134.0749969,131.7050018,132.6125031,132.2690125,16727600
11/30/2020,132.6499939,134.125,129.7225037,134.0149994,133.6678467,28695200
12/1/2020,134.9225006,135.2875061,132.2825012,133.8999939,133.5531464,29694800
12/2/2020,133.5050049,136.7350006,132.3424988,135.4450073,135.0941925,28336000
12/3/2020,135.875,136.6000061,133.2899933,133.9600067,133.6524658,19952000
12/4/2020,134.4850006,135.6000061,133.8874969,135.5825043,135.2712555,20224400
12/7/2020,136.0124969,137.3125,135,136.0675049,135.7551575,22324400
12/8/2020,135.8500061,135.9875031,132.8150024,133.5,133.193573,27192000
12/9/2020,133.0050049,134.1399994,128.6824951,129.3074951,129.0106506,40130000
12/10/2020,128.6900024,130.6875,128.4949951,129.7225037,129.4247131,20776400
12/11/2020,129.6725006,130.1999969,128.2299957,130.1325073,129.8337708,20926400
12/14/2020,130.8800049,133.8874969,130.7749939,133.0874939,132.7819824,27015600
12/15/2020,134.3975067,134.6399994,131.8674927,133.6049957,133.2983093,19301600
12/16/2020,134.2250061,134.3724976,132.125,132.4250031,132.1210022,22311600
12/17/2020,133.6674957,133.7949982,131.7850037,133.4125061,133.1062622,23138400
12/18/2020,133.7899933,134.0500031,130.7050018,132.7200012,132.4153595,34206400
12/21/2020,130.7474976,133.6999969,129.6750031,133.3224945,133.016449,30233200
12/22/2020,133.1925049,133.3724976,130.5399933,132.7825012,132.4776764,18558000
12/23/2020,132.5599976,132.75,130.0500031,130.0924988,129.7938843,17914400
12/24/2020,130.3724976,131.3249969,129.3874969,129.9375,129.6392212,9788400
12/28/2020,130.625,130.625,127.6324997,129,128.7038879,21256400
12/29/2020,129.25,130.7250061,128.4225006,129.4324951,129.1353912,17037200
12/30/2020,129.9024963,132.1374969,128.9674988,131.4575043,131.1557159,22539600
12/31/2020,131.3650055,131.5099945,129.1499939,130.5500031,130.250351,19242400
1/4/2021,131.0424957,136.5249939,129.625,131.1349945,130.8340149,56064000
1/5/2021,130.9974976,134.4349976,130.8699951,134.0475006,133.7397766,32276000
1/6/2021,132.2250061,132.4499969,125.8600006,126.1449966,125.855423,58042400
1/7/2021,129.6750031,133.7774963,128.8650055,133.4400024,133.1336975,46148000
1/8/2021,133.625,134.2100067,130.4199982,132.7675018,132.462738,29252800
1/11/2021,134.1875,139.6100006,133.625,136.2149963,135.9023132,51834400
1/12/2021,137.5249939,137.5449982,133.4499969,134.8475037,134.5379333,29147600
1/13/2021,134.8999939,136.25,133.8500061,135.3175049,135.0068665,21002800
1/14/2021,135.75,135.9974976,131.8049927,132.0025024,131.6994934,28312000
1/15/2021,132.2799988,133.2525024,128.4850006,128.5950012,128.2998199,27778000
1/19/2021,130.1625061,130.9400024,128.4400024,130.2525024,129.9535217,22618800
1/20/2021,131.1174927,134.3049927,130.5675049,133.6575012,133.3506775,25857200
1/21/2021,134.1849976,139.9924927,132.5299988,138.6750031,138.3566589,33778000
1/22/2021,137.3999939,138.4174957,136.2725067,137.125,136.8102264,24682000
1/25/2021,137.8175049,138.2850037,132.3650055,136.5325012,136.2191162,25111200
1/26/2021,135.8049927,136.4474945,133.875,134.3524933,134.0440979,16398000
1/27/2021,132.3000031,132.3274994,127.9375,129.1775055,128.8809814,37127200
1/28/2021,129.9624939,133.3975067,129.6049957,130.5099945,130.2104187,22831600
1/29/2021,130.75,133.3475037,129.1150055,129.8975067,129.59935,27155200
2/1/2021,130.5325012,132.7075043,129.0274963,132.3699951,132.0661469,21720400
2/2/2021,133.9875031,135.7200012,132.8549957,135.5675049,135.2562866,22044000
2/3/2021,136.3600006,139.3175049,135.1649933,135.3049927,134.9943695,24540800
2/4/2021,135.3099976,136.7350006,133.3775024,136.6425018,136.3287964,20134000
2/5/2021,137.25,137.3724976,135.4575043,135.9100037,135.5980072,16915200
2/8/2021,137.2725067,144.7375031,137.2725067,144.3874969,144.0560303,43462400
2/9/2021,143.4075012,145.8325043,142.2250061,142.6325073,142.3050995,28756000
2/10/2021,144.6325073,149.0500031,143.4149933,147.6425018,147.3035889,48535200
2/11/2021,149.8025055,152.7225037,149.25,152.5075073,152.1574097,45082800
2/12/2021,150.5,152.9125061,147.75,149.6125031,149.2690582,37475600
2/16/2021,150.6425018,153.7250061,149.5,153.3025055,152.9506073,32196000
2/17/2021,151.7100067,152.2350006,147.8000031,149.0599976,148.7178345,27475600
2/18/2021,147.2899933,148.7324982,145.75,148.2899933,147.949585,23386800
2/19/2021,150.2449951,151.7700043,148.4674988,149.2649994,148.922348,27172400
2/22/2021,147.7474976,151.3325043,143.25,143.5574951,143.2279358,32588400
2/23/2021,140.7525024,142.3874969,133.8950043,141.4199982,141.0953674,39178000
2/24/2021,141.2274933,145.0675049,137.5599976,144.9900055,144.6571808,44832000
2/25/2021,140.4550018,143.7474976,132.1625061,133.0749969,132.7695313,82443600
2/26/2021,137.5249939,138.5449982,133.6100006,137.1450043,136.8301849,50093200
3/1/2021,138.75,139.25,135.5325012,138.4174957,138.099762,35318400
3/2/2021,139,139.2050018,133.9600067,134.0625,133.7547455,26411600
3/3/2021,134.2624969,134.5149994,127.9875031,128.0475006,127.7535553,37759200
3/4/2021,128.0075073,129.75,120.8375015,123.7024994,123.4185257,57334400
3/5/2021,125.5,125.5,116.7925034,124.6149979,124.3289413,54284000
3/8/2021,124.5,124.7125015,115.6650009,115.9325027,115.6663742,54311200
3/9/2021,121.3024979,126.1675034,120.5924988,125.2024994,124.9582062,52182400
3/10/2021,128.4049988,129.8000031,124.5749969,124.6825027,124.4392395,38437600
3/11/2021,129.5,130.4624939,127.3450012,129.9349976,129.6814575,29991600
3/12/2021,126.4824982,128.8874969,125.9000015,128.5599976,128.3091888,24396400
3/15/2021,128.6475067,132.0675049,127.6725006,131.9125061,131.6551208,22198800
3/16/2021,133.5650024,135.125,131.1674957,132.9125061,132.6531525,27212800
3/17/2021,130.3975067,134.5325012,129.8950043,133.4125061,133.1522217,24386400
3/18/2021,131.3650055,131.8399963,127.1699982,127.2249985,126.9767532,29389600
3/19/2021,127.5,129.2149963,126.125,128.4575043,128.2068787,29920800
3/22/2021,129.1275024,133.9450073,129.0675049,131.8625031,131.6051941,29780400
3/23/2021,132.5424957,133.4450073,130.2124939,130.7075043,130.4524536,22204800
3/24/2021,131.5124969,131.5924988,126.3675003,126.4300003,126.1833038,24584000
3/25/2021,124.9950027,127.1474991,122.7200012,125.3525009,125.1079102,29514400
3/26/2021,125.5449982,128.5625,123.7350006,128.3925018,128.1419983,36396800
3/29/2021,128.2024994,130.625,127,129.4824982,129.2298584,27352000
3/30/2021,128.4199982,129.7525024,127.0500031,128.7174988,128.4663696,20020400
3/31/2021,130.1549988,134.7050018,129.8249969,133.4824982,133.2220459,31477600
4/1/2021,135.7225037,138.6999969,135.1125031,138.1174927,137.8479919,30827600
4/5/2021,138.6750031,140.1399994,137.3300018,139.875,139.6020813,25567200
4/6/2021,139.9974976,140.5424957,137.7350006,138.6150055,138.3445435,19174400
4/7/2021,138.8074951,142.4349976,137.1150055,141.4349976,141.1590424,25128400
4/8/2021,142.5274963,144.7149963,142.4900055,143.1699982,142.8906708,24441600
4/9/2021,142.1399994,144.0800018,141.75,144,143.7190094,19517200
4/12/2021,142.8975067,153.5249939,141.3925018,152.0899963,151.7932281,86932400
4/13/2021,152.3150024,157,151.2575073,156.7949982,156.4890747,67621200
4/14/2021,156.25,157.2050018,152.2749939,152.7700043,152.4719238,38550000
4/15/2021,156.625,162.1425018,156.3150024,161.3724976,161.057663,59848000
4/16/2021,160.5299988,161.6575012,158.6524963,159.125,158.8145294,33520800
4/19/2021,155.3650055,158.0749969,152.3300018,153.6174927,153.3177643,40442000
4/20/2021,153.2324982,154.9700012,149.6300049,151.7124939,151.4164581,33413200
4/21/2021,151.1875,153.625,151.0225067,153.6049957,153.3052826,21677600
4/22/2021,153.75,154.3849945,147.8350067,148.5025024,148.212738,27778800
4/23/2021,149.3424988,153.3500061,149.0025024,152.6524963,152.35466,22750000
4/26/2021,151.8500061,154.7899933,151.25,154.7799988,154.4779816,19779600
4/27/2021,155.7850037,156.7050018,153.5449982,153.8175049,153.5173645,16457200
4/28/2021,153.6450043,155.3224945,152.1549988,152.7675018,152.4694214,20941600
4/29/2021,154,154.3650055,150.7149963,153.2474976,152.9484863,17319600
4/30/2021,151.7449951,153.6499939,149.9700012,150.0950012,149.8021545,20191200
5/3/2021,151.25,152.4674988,147.875,148.3674927,148.0780487,20391200
5/4/2021,146.3724976,146.375,140.1024933,143.5124969,143.2324829,40532400
5/5/2021,147.0899963,148.1349945,143.875,144.5850067,144.3028717,29202400
5/6/2021,144.9524994,145.7124939,142.1799927,145.2299957,144.94664,19338000
5/7/2021,148.0825043,149.7075043,146.7174988,148.1224976,147.8334656,22932800
5/10/2021,147.8724976,148.0599976,142.5,142.6575012,142.3791351,26890400
5/11/2021,138.25,143.5475006,137.5,143.0625,142.7833557,28558400
5/12/2021,140.0950012,142.6024933,137.0924988,137.5850067,137.3165436,30340800
5/13/2021,140.3374939,140.8074951,134.5899963,136.6524963,136.385849,28540400
5/14/2021,138.8999939,143.2799988,137.4850006,142.4299927,142.1520996,25861600
5/17/2021,141.5700073,141.6925049,138.5350037,141.6549988,141.3785858,21698000
5/18/2021,142.6699982,144.0424957,140.0399933,140.1575012,139.8840332,18625600
5/19/2021,135.6649933,140.7949982,135.4324951,140.6575012,140.3830566,34400000
5/20/2021,143.0249939,146.8374939,142.7050018,146.125,145.8398895,32159200
5/21/2021,151.6374969,152.2200012,148.6950073,149.9174957,149.6249542,67299200
5/24/2021,152.125,157.4499969,151.7599945,156.1199951,155.8153839,55481600
5/25/2021,157.6600037,158.1849976,154.8249969,156.4774933,156.1721954,43540800
5/26/2021,157.3424988,157.9375,155.8625031,157,156.6936493,37044000
5/27/2021,156.9974976,157.5,154.6000061,154.8800049,154.5778198,58147600
5/28/2021,155.0099945,162.7749939,155.0099945,162.4450073,162.1280212,64453600
6/1/2021,162.6999969,163.8825073,159.0325012,162.6450043,162.3276367,47280400
6/2/2021,162.5225067,169.1875,162.3549957,167.7825012,167.4551239,59416800
6/3/2021,167.0075073,172.5899963,165.8300018,169.6974945,169.366394,58000800
6/4/2021,171.125,176.6100006,170.9550018,175.7825012,175.4395142,61712000
6/7/2021,175.7124939,178.125,171.9275055,176.1900024,175.8462219,57575600
6/8/2021,175.2725067,176.2149963,172.5099945,174.5700073,174.2293854,32384800
6/9/2021,175.1575012,175.75,172.5574951,173.5825043,173.2835236,38165600
6/10/2021,173.5,174.9199982,171.7599945,174.25,173.9498596,28777200
6/11/2021,174.7949982,179.3925018,174.4375,178.2525024,177.9454651,41630800
6/14/2021,179.0599976,180.3950043,176.6275024,180.1875,179.8771057,32137600
6/15/2021,179.1499939,180.1625061,177.2799988,177.8849945,177.578598,24303200
6/16/2021,177.9075012,179.5475006,175.8450012,178.1024933,177.7957153,30712400
6/17/2021,177.7449951,188.3500061,177.5625,186.5724945,186.2511292,80965600
6/18/2021,187.8399963,193.75,185.8399963,186.3874969,186.0664673,96885600
6/21/2021,184.3524933,185.3650055,178.2274933,184.2725067,183.9551086,67238400
6/22/2021,184.7149963,189.6374969,183.8600006,188.8674927,188.5421295,58014400
6/23/2021,190.0774994,191.5274963,189.0774994,190.5724945,190.2442322,33235600
6/24/2021,192.2774963,194.1999969,190.8825073,192.0549927,191.7241821,32092400
6/25/2021,192.8049927,193.4550018,188.9450073,190.3099976,189.9822083,27836400
6/28/2021,193.6125031,200.7875061,193.1900024,199.8500061,199.5057678,49543600
6/29/2021,198.8249969,200.9875031,196.5700073,200.2675018,199.9225616,36763200
6/30/2021,199.9924927,201.625,198.6374969,200.0249939,199.6804504,32656800
7/1/2021,201.25,204.5599976,200.1900024,202.1199951,201.7718811,48013600
7/2/2021,204.4024963,205.0525055,202.8775024,204.8699951,204.5171204,34276400
7/6/2021,207.375,208.4199982,203.5025024,206.9850006,206.628479,44670800
7/7/2021,208.5350037,208.75,203.3200073,203.7174988,203.3666229,41842800
7/8/2021,198.5650024,201.3300018,197.0075073,199.0274963,198.6847076,50330000
7/9/2021,199.625,200.8025055,197.5424957,200.5025024,200.1571655,29662400
7/12/2021,202.3999939,205.3274994,201.8775024,205.125,204.7716827,32198400
7/13/2021,204.0050049,204.6125031,201.1399994,202.5,202.1512146,29070800
7/14/2021,203.5774994,204.1775055,197.5274963,198.4149933,198.0732422,38010000
7/15/2021,198.1174927,198.4700012,188.5850067,189.6625061,189.3358154,55056400
7/16/2021,190.3049927,191.5700073,180.7299957,181.6100006,181.2971954,68822400
7/19/2021,179.1524963,190.4199982,178.6549988,187.7975006,187.4740295,74906000
7/20/2021,187.3000031,188.3800049,181.6399994,186.1199951,185.799408,43468700
7/21/2021,188.8200073,195.2700043,187.4199982,194.1000061,193.7656708,37101700
7/22/2021,196.4199982,198.8699951,192.7599945,195.9400024,195.6025238,32382600
7/23/2021,196.5599976,197,192.5,195.5800018,195.2431335,19567200
7/26/2021,193.1100006,194.4199982,189.1399994,192.9400024,192.6076813,20394300
7/27/2021,192.6499939,196.2200012,187.4100037,192.0800018,191.749176,24886300
7/28/2021,193.1900024,196.4600067,189.9499969,195.0299988,194.6940918,20219100
7/29/2021,195.1900024,198.5299988,193.2799988,196.6199951,196.2813568,19078100
7/30/2021,194.1799927,196.3000031,192.6300049,194.9900055,194.654129,18349700
8/2/2021,197,199.6100006,193.6100006,197.5,197.1598358,21744400
8/3/2021,197.3999939,202.2200012,192.1999969,198.1499939,197.8087006,30181100
8/4/2021,199.8999939,203.1799927,198.2799988,202.7400055,202.3907928,23130900
8/5/2021,205,207.3300018,203.4199982,206.3699951,206.0145264,21143500
8/6/2021,205.2400055,205.6999969,202.1000061,203.6600037,203.3092041,17849700
8/9/2021,204.4600067,205.0800018,201.4299927,202.9499969,202.6004181,14644300
8/10/2021,203.2200012,204.3000031,198.3500061,199.3600006,199.0166016,17923800
8/11/2021,200.4299927,200.4900055,194.3000031,196.9900055,196.6506805,18592500
8/12/2021,198.6999969,200.2899933,196.1999969,199.0500031,198.7071533,15165200
8/13/2021,199.0500031,202.1399994,198.5099945,201.8800049,201.5322571,18306300
8/16/2021,201.3500061,202.8699951,194.5299988,199.5,199.1563873,21087600
8/17/2021,196.8500061,197.6999969,192.6699982,194.5800018,194.2448425,20458500
8/18/2021,195,196.3399963,190,190.3999939,190.0720367,28591300
8/19/2021,194.9400024,204.9499969,187.6199951,197.9799957,197.6389771,76655500
8/20/2021,199.9100037,208.6499939,199.3300018,208.1600037,207.8014526,67574100
8/23/2021,209.7100067,219.9700012,209.5,219.5800018,219.2017822,57580700
8/24/2021,217.5299988,219.5899963,215.3500061,217.9299927,217.5546112,29729900
8/25/2021,217.3699951,224.6999969,217.2200012,222.1300049,221.747406,34770100
8/26/2021,222,223.3999939,217.8999939,220.6799927,220.2998962,23794000
8/27/2021,221.8399963,227.2200012,221.6699982,226.3600006,225.9700775,30472200
8/30/2021,228.3000031,230.4299927,225.5099945,226.8800049,226.489212,26258000
8/31/2021,226.9499969,226.9499969,221.1999969,223.8500061,223.5038605,25985000
9/1/2021,224.8500061,226.9700012,223.5700073,224.4100037,224.0629883,20176700
9/2/2021,225.1799927,225.9299927,222.9499969,223.9600067,223.613678,18783400
9/3/2021,223.25,229.8600006,222,228.4299927,228.0767517,28053200
9/7/2021,228.3300018,228.9900055,225.2200012,226.6199951,226.2695465,19810700
9/8/2021,225.1300049,226.1000061,219.7700043,223.3899994,223.0445099,25443400
9/9/2021,223.1199951,225.3800049,221.3099976,221.7700043,221.4270477,19685600
9/10/2021,223.4799957,226.2599945,222.6999969,224.7799988,224.4324036,24837600
9/13/2021,226.8399963,229.6399994,218.5800018,221.5200043,221.1774445,29750000
9/14/2021,222.75,224.1000061,220.8600006,222.4199982,222.0760345,19975500
9/15/2021,223.0899963,223.6699982,219.6600037,223.4100037,223.0645142,16653800
9/16/2021,221.8300018,222.7700043,219.2700043,222.4199982,222.0760345,15603300
9/17/2021,223,223.2100067,218.3000031,219,218.6613464,29450300
9/20/2021,211.4600067,214.3300018,206.6199951,211.1300049,210.8035126,34944000
9/21/2021,214.1699982,214.25,209.5,212.4600067,212.1314545,20468800
9/22/2021,213.6600037,219.6000061,211.9600067,219.4100037,219.0706787,26872600
9/23/2021,221.3999939,225.3500061,218.8999939,224.8200073,224.4723358,24855500
9/24/2021,220.6999969,221.4900055,218.6100006,220.8099976,220.4685364,21765500
9/27/2021,217.1000061,217.9900055,213.25,216.6000061,216.2650604,24521500
9/28/2021,212.1399994,214.1900024,206.5099945,206.9900055,206.6699066,34306900
9/29/2021,209.3999939,210.1699982,204.6699982,205.1699982,204.8527222,21839400
9/30/2021,207.6799927,210.6600037,206.8800049,207.1600037,206.8396454,22100900
10/1/2021,207.5,208.5899963,202.0299988,207.4199982,207.0992126,24097800
10/4/2021,205.0399933,205.4199982,195.5500031,197.3200073,197.0148621,34563500
10/5/2021,199.5,206.4799957,198.5399933,204.5099945,204.1937561,27928200
10/6/2021,201.1999969,207.1999969,200.8000031,207,206.6798859,29720200
10/7/2021,210.9199982,213.2200012,209.7200012,210.75,210.4240875,25691900
10/8/2021,211.0099945,212.0599976,207.75,208.3099976,207.987854,15125800
10/11/2021,205.75,210.6300049,205.1100006,206.9499969,206.6299896,16338800
10/12/2021,208.2799988,210.5700073,205.2799988,206.7100067,206.3903503,16213400
10/13/2021,209.1799927,209.8999939,207.1300049,209.3899994,209.0662079,18065200
10/14/2021,212.8800049,217.5500031,211.2200012,217.4600067,217.1237183,24358900
10/15/2021,218.1000061,219.3099976,216.6199951,218.6199951,218.2819214,22699400
10/18/2021,217.4900055,222.9100037,216.4400024,222.2200012,221.8763428,18949400
10/19/2021,222.7599945,223.7899933,220.3699951,222.8999939,222.5553131,16147300
10/20/2021,223.0500031,224.3300018,219.8200073,221.0299988,220.6881866,14627600
10/21/2021,220.9700012,227.1100006,220.8300018,226.9199982,226.5690765,18759000
10/22/2021,228.2299957,231.3000031,225.6100006,227.2599945,226.9085388,24938400
10/25/2021,229.7299957,233.5500031,227.6999969,231.6600037,231.3017731,23023500
10/26/2021,239.8899994,252.5899963,239.2400055,247.1699982,246.7877808,48589800
10/27/2021,244.7400055,250.8999939,242.8200073,244.5099945,244.1318665,24599000
10/28/2021,248.7799988,249.5,245.2299957,249.4100037,249.0243225,23420400
10/29/2021,250.0099945,257.0899963,250,255.6699982,255.2746277,29250300
11/1/2021,256.4899902,258.9400024,252.2700043,258.269989,257.8706055,26574000
11/2/2021,258.2200012,266.7799988,258,264.0100098,263.6017456,29411200
11/3/2021,266.7000122,267.8399963,262.3500061,265.980011,265.5687256,23991000
11/4/2021,272.2900085,313.6499939,271.1799927,298.0100098,297.5491638,115363100
11/5/2021,301.8699951,314,294.1000061,297.519989,297.0599365,85126000
11/8/2021,301.4899902,311,299.0700073,308.0400085,307.5636597,50310100
11/9/2021,322.8200073,323.1000061,299.6400146,306.5700073,306.0958862,64674600
11/10/2021,293.5599976,308.5,287.7799988,294.5899963,294.1344604,63620600
11/11/2021,304.6799927,305.8999939,297.769989,303.8999939,303.4300232,33217200
11/12/2021,300.1000061,306.7999878,296.2999878,303.8999939,303.4300232,41305400
11/15/2021,305.519989,306.4400024,292.4700012,300.25,299.785675,38490900
11/16/2021,297.5899963,303.8999939,297.0599976,302.0299988,301.5628967,26448400
11/17/2021,304.1799927,305.0899963,288,292.6099854,292.1575012,42850800
11/18/2021,323.6700134,327.6000061,313.2099915,316.75,316.2601929,78171100
11/19/2021,322.4299927,330.8800049,319.0499878,329.8500061,329.3399048,53386700
11/22/2021,335.1700134,346.4700012,319,319.5599976,319.0657959,75433500
11/23/2021,315.3500061,323.6000061,308.7999878,317.4599915,316.9690857,53216300
11/24/2021,314.6099854,328.5499878,309.2799988,326.7399902,326.2347107,43516200
11/26/2021,326,327.1000061,313.5,315.0299988,314.5427856,28306900
11/29/2021,323.6600037,334.1199951,320.3599854,333.7600098,333.243866,45496400
11/30/2021,331.6900024,333.5299988,318.6400146,326.7600098,326.2546692,62206600
12/1/2021,332.1900024,332.8900146,313.7999878,314.3500061,313.9023132,48436800
12/2/2021,312.1400146,324.7799988,310.25,321.2600098,320.8025513,47289000
12/3/2021,320,321.2900085,301.2999878,306.9299927,306.4928589,54432500
12/6/2021,298.7999878,302.4100037,280.3800049,300.3699951,299.9422302,65893800
12/7/2021,309.5700073,324.4899902,306.5100098,324.269989,323.808136,59305300
12/8/2021,319.9899902,322.8999939,314.2099915,318.2600098,317.8067627,47555100
12/9/2021,317.3399963,322.0499878,304.2799988,304.8999939,304.4657593,48850700
12/10/2021,311.5,313.0499878,298.6099854,301.980011,301.5499573,48882500
12/13/2021,302.4899902,302.9400024,281.1600037,281.6099854,281.2089539,59834400
12/14/2021,276.9899902,286.7799988,272.5,283.3699951,282.9664307,66703500
12/15/2021,284,305,278.3800049,304.5899963,304.15625,69829700
12/16/2021,311.519989,311.6000061,280.9299927,283.8699951,283.4656677,70736600
12/17/2021,279.8500061,289.2200012,277.6000061,278.0100098,277.6140442,71375800
12/20/2021,273.0499878,281.4400024,271.4500122,277.1900024,276.7952271,46184700
12/21/2021,283.7399902,291.2000122,274.0100098,290.75,290.3359375,52438500
12/22/2021,288.9100037,295.5499878,284.4899902,294,293.5812988,39518400
12/23/2021,297.5499878,300.5899963,294.3099976,296.3999939,295.9778442,34302200
12/27/2021,296.6000061,310.8699951,296.3999939,309.4500122,309.0093079,40368600
12/28/2021,313.1199951,313.2999878,300.1199951,303.2200012,302.7881775,42059100
12/29/2021,302.730011,305.480011,293.6600037,300.0100098,299.5827332,34313900
12/30/2021,298.269989,304.5700073,295.3999939,295.8599854,295.4386902,30886400
12/31/2021,296.7399902,300.2999878,293.3099976,294.1099854,293.6911621,26653000
1/3/2022,298.1499939,307.1099854,297.8500061,301.2099915,300.7810669,39154700
1/4/2022,302.769989,304.6799927,283.4899902,292.8999939,292.4828491,52715400
1/5/2022,289.4899902,294.1600037,275.3299866,276.0400085,275.6468811,49806400
1/6/2022,276.3999939,284.3800049,270.6499939,281.7799988,281.3786926,45418600
1/7/2022,281.4100037,284.2200012,270.5700073,272.4700012,272.0819702,40993900
1/10/2022,265.8099976,274.6900024,256.4400024,274,273.6097717,59468100
1/11/2022,273.230011,280.6499939,268.3900146,278.1700134,277.7738647,40408900
1/12/2022,280.6700134,285.9500122,276.0799866,279.9899902,279.5912476,38341300
1/13/2022,283.7900085,284.7999878,264.980011,265.75,265.371521,54017100
1/14/2022,263,271.9700012,262.1000061,269.4200134,269.0362854,39583200
1/18/2022,262.6000061,266.3800049,257.7000122,259.0299988,258.6610413,42427000
1/19/2022,260.7900085,265.4299927,250.5200043,250.6699982,250.3130035,48831500
1/20/2022,253.0399933,255.7899933,240.7799988,241.5,241.1560974,43518100
1/21/2022,235.0700073,248.2299957,232.6300049,233.7400055,233.407135,71895800
1/24/2022,223.3000031,233.8000031,208.8800049,233.7200012,233.3871307,91398200
1/25/2022,225.4600067,229.4299927,220,223.2400055,222.9220886,66461600
1/26/2022,232.3999939,240.5700073,223,227.7200012,227.3957214,75595900
1/27/2022,235.6799927,239.9499969,216.75,219.4400024,219.1274719,57335300
1/28/2022,220.1199951,228.5800018,212.9600067,228.3999939,228.074707,54377400
1/31/2022,231.8200073,245.0899963,230.5200043,244.8600006,244.511261,56468000
2/1/2022,251.0399933,251.4499969,238.8999939,246.3800049,246.0291138,51892500
2/2/2022,257.9400024,258.1700134,245.5299988,252.4199982,252.0605011,54341900
2/3/2022,244.5800018,250.7700043,237.8000031,239.4799957,239.1389465,41017800
2/4/2022,239.7200012,246.3500061,236.3200073,243.1900024,242.8436432,35482900
2/7/2022,243.7200012,251.8200073,242.0200043,247.2799988,246.9278259,37686800
2/8/2022,243.5899963,252.3000031,239.8000031,251.0800018,250.7224274,41035900
2/9/2022,256.2200012,267.25,253.5299988,267.0499878,266.6696472,52428200
2/10/2022,259.9500122,269.25,256,258.2399902,257.8721924,51320000
2/11/2022,259.1600037,261.519989,237.7299957,239.4900055,239.1489258,60547200
2/14/2022,239.3399963,248.75,237.5500031,242.6699982,242.3244019,44042400
2/15/2022,249.4900055,265.4500122,247.8399963,264.9500122,264.5726318,69986900
2/16/2022,262.5899963,265.8200073,255.5200043,265.1099854,264.7324829,73267600
2/17/2022,256.2999878,257.8500061,241.6499939,245.0700073,244.720993,81059500
2/18/2022,246.6799927,249.8600006,231,236.4199982,236.0832977,76125500
2/22/2022,230.3500061,240.6399994,230,233.8999939,233.5668793,63342200
2/23/2022,238.0200043,241.5500031,223.0099945,223.8699951,223.5511932,56651100
2/24/2022,210.1499939,238,208.8999939,237.4799957,237.1417847,73580100
2/25/2022,237.2100067,242.1699982,233.8099976,241.5700073,241.2259827,52886600
2/28/2022,239.9199982,246.6499939,237.0700073,243.8500061,243.5027313,47731900
3/1/2022,242.9100037,243.7700043,231.3200073,234.7700043,234.4356537,41205600
3/2/2022,237.5599976,244.0899963,234.1499939,242.1999969,241.8962402,38964200
3/3/2022,242.6199951,243.2599945,234.6900024,237.1399994,236.8426361,36509500
3/4/2022,233.8399963,236.8000031,224.8200073,229.3600006,229.072403,43141500
3/7/2022,228.1699982,230.3300018,213.3000031,213.5200043,213.2522278,45082100
3/8/2022,213.0899963,223.7299957,206.5,215.1399994,214.8702087,55746700
3/9/2022,223.8699951,232.1999969,222.4700012,230.1399994,229.8513641,49274200
3/10/2022,225.3099976,227.8800049,218.8200073,226.5800018,226.2958679,42806600
3/11/2022,230.2200012,231.4499969,220.4600067,221,220.7228699,36720900
3/14/2022,218.6900024,222.6199951,211.5899963,213.3000031,213.0325012,38535400
3/15/2022,215.1799927,230.3800049,213.2200012,229.7299957,229.441925,49199600
3/16/2022,235,245.9700012,231.7200012,244.9600067,244.6528168,67142200
3/17/2022,241.1999969,248.4199982,239.0599976,247.6600037,247.3494415,47194100
3/18/2022,247.9900055,265.6900024,246.2400055,264.5299988,264.1983032,73071900
3/21/2022,265.0700073,271.519989,259.6700134,267.3399963,267.0047607,59172700
3/22/2022,267.269989,272.3800049,260.7200012,265.2399902,264.9074097,54700700
3/23/2022,261.2600098,266.1199951,255.75,256.3399963,256.0185547,50212000
3/24/2022,261.6600037,283.2000122,259.0700073,281.5,281.1470032,87737900
3/25/2022,278.8599854,283.5799866,272.7099915,276.9200134,276.5727539,57901600
3/28/2022,277.5599976,282.5,272.0599976,282.1900024,281.8361206,42549400
3/29/2022,286.9500122,289.4599915,279.7999878,286.5599976,286.2006531,48898400
3/30/2022,283.0400085,284.9599915,275.0299988,276.8999939,276.5527649,46348700
3/31/2022,277.8200073,282.480011,272.7000122,272.8599854,272.5177917,52344000
4/1/2022,273.75,274.9599915,262.6700134,267.1199951,266.7850342,51723500
4/4/2022,267.2799988,275.5799866,266.1300049,273.6000061,273.2569275,39712000
4/5/2022,272.5400085,273.1900024,258.2000122,259.3099976,258.9848633,43661500
4/6/2022,249.3399963,253,240.0299988,244.0700073,243.7639465,70383300
4/7/2022,244.4100037,247.2200012,234.7799988,242.0800018,241.7764282,55799200
4/8/2022,239.1699982,239.2299957,230.6199951,231.1900024,230.9000854,52478100
4/11/2022,222.1399994,223.1999969,216.6000061,219.1699982,218.8951569,57520700
4/12/2022,225.3699951,227.25,212.8200073,215.0399933,214.77034,66225800
4/13/2022,217.2799988,225,214.5500031,222.0299988,221.7515717,51694300
4/14/2022,225.0500031,227.7700043,211.6300049,212.5800018,212.3134003,56909700
4/18/2022,212,220.8800049,210.7899933,217.8300018,217.556839,52570100
4/19/2022,217.1999969,223.7299957,213.1399994,221.9799957,221.7016144,51278100
4/20/2022,225.1699982,226.6999969,212,214.8200073,214.5506134,46897400
4/21/2022,217.0899963,223.9199982,200,201.8300018,201.576889,65620900
4/22/2022,203.0299988,204.8600006,195,195.1499939,194.9052582,62471300
4/25/2022,192.0200043,199.4499969,190.9600067,199.0200043,198.7704163,64156600
4/26/2022,197.1799927,197.8800049,186.6999969,187.8800049,187.6443939,65314300
4/27/2022,185.9799957,191.6699982,182.8999939,184.1499939,183.9190674,49946000
4/28/2022,189.6699982,200.3699951,184.8999939,197.8200073,197.5719604,57032700
4/29/2022,194.0200043,201.2799988,185.1699982,185.4700012,185.2374268,50043500
5/2/2022,185.4100037,195.7400055,183.9100037,195.3300018,195.0850372,57204900
5/3/2022,194,198.25,191.3300018,196.0200043,195.7741852,47575100
5/4/2022,199.2299957,204,187.5099945,203.3399963,203.0850067,64885500
5/5/2022,198.6699982,199.25,185,188.4400024,188.2036896,62633100
5/6/2022,187.3600006,195.1199951,179.8999939,186.75,186.5158234,63329700
5/9/2022,180.3399963,182.5500031,168.2700043,169.5,169.2874603,64445500
5/10/2022,176.8899994,181.9799957,170.25,175.9499969,175.7293701,76147400
5/11/2022,173.4700012,177.5299988,165.6799927,166.3000031,166.0914612,67016700
5/12/2022,162.1900024,167.8800049,155.6699982,161.75,161.5471497,70872800
5/13/2022,167.8800049,179.2799988,165.9299927,177.0599976,176.8379517,67043700
5/16/2022,175.0899963,177.8800049,171.0599976,172.6399994,172.4235077,52144600
5/17/2022,180.7400055,183.7100067,176.3399963,181.7700043,181.5420532,58583000
5/18/2022,177.0500031,181.1799927,168.6399994,169.3800049,169.1676025,54516100
5/19/2022,169.3699951,176.8699951,167.3399963,171.2400055,171.0252686,62131000
5/20/2022,173.3200073,174.1000061,157.5500031,166.9400024,166.7306366,73910500
5/23/2022,162.7400055,169.1499939,161.7899933,168.9799957,168.7680969,63988900
5/24/2022,165.1000061,165.9700012,157.8000031,161.5399933,161.3374023,58855000
5/25/2022,160.1999969,171.1100006,160,169.75,169.5371552,78113200
5/26/2022,160.3600006,180.9199982,160.2200012,178.5099945,178.2861328,99657500
5/27/2022,181.8600006,188.8099976,181,188.1100006,187.8740845,73837900
5/31/2022,189.8000031,192,183.5,186.7200012,186.4858551,66410000
6/1/2022,187.2400055,190.5299988,181.2200012,183.1999969,182.9702454,54451400
6/2/2022,182.9199982,196.1900024,181.9799957,195.9199982,195.6743011,64865600
6/3/2022,190.8200073,193.3200073,185.2200012,187.1999969,186.9652405,59877900
6/6/2022,191.3899994,193.3699951,185.6399994,187.8600006,187.6244202,42240600
6/7/2022,184.7200012,190,181.8800049,189.2599945,189.0226593,38891400
6/8/2022,187.9900055,191.8000031,185.3500061,186.4799957,186.2855072,36325200
6/9/2022,184.8099976,189.3300018,180.4100037,180.4799957,180.2917786,39557400
6/10/2022,176,176.9700012,168.6900024,169.7400055,169.5629883,46524800
6/13/2022,160,163.1199951,156.0599976,156.4700012,156.3068085,60415300
6/14/2022,157.3099976,160.6600037,154.1199951,158.3600006,158.1948547,46968000
6/15/2022,160.9499969,168.6799927,159.2599945,165.2700043,165.097641,56393600
6/16/2022,158.6000061,159.4199982,154.0099945,156.0099945,155.8472748,54574900
6/17/2022,156.4799957,159.9499969,153.2799988,158.8000031,158.6343842,63033400
6/21/2022,164.75,170.0800018,164.0700073,165.6600037,165.4872437,48308900
6/22/2022,162.2599945,166.6199951,161.8000031,163.6000061,163.4294128,43713500
6/23/2022,165.1900024,165.8500061,158.5299988,162.25,162.08078,46368000
6/24/2022,165,171.3999939,163.1000061,171.2599945,171.0814056,47215300
6/27/2022,173.1199951,173.3000031,166.2599945,168.6900024,168.5140686,42796800
6/28/2022,169,172.0200043,159.4499969,159.8200073,159.6533356,46114900
6/29/2022,158.1399994,158.1999969,151.6999969,155.4199982,155.2579193,48235200
6/30/2022,153.6100006,155.6699982,148.6199951,151.5899963,151.4318848,68607000
7/1/2022,148.9900055,150.6300049,143.9199982,145.2299957,145.0785217,57761000
7/5/2022,141.75,149.7100067,140.5500031,149.6399994,149.4839478,65139700
7/6/2022,150.1000061,153.1900024,147.8899994,151.3000031,151.1422119,52906600
7/7/2022,154.5599976,159.4499969,153.8899994,158.5800018,158.4146271,49290300
7/8/2022,154.3000031,160.3699951,153.8899994,158.3800049,158.2148285,46797200
7/11/2022,155.2599945,155.2700043,150.3800049,151.5200043,151.3619843,43732100
7/12/2022,152.6799927,154.3099976,148.7700043,150.8200073,150.6627197,45848300
7/13/2022,145.8999939,153.75,144.6499939,151.6399994,151.4818573,52191800
7/14/2022,151.0800018,154.7299957,147.2799988,153.7200012,153.5597076,45623500
7/15/2022,156.5899963,157.8200073,154.4499969,157.6199951,157.4556122,38593500
7/18/2022,163.0200043,168.9700012,160.0200043,161.0099945,160.8421021,67051700
7/19/2022,164.8600006,171.1000061,161.7200012,169.9199982,169.7427979,70236600
7/20/2022,169.4700012,179.3300018,168.0099945,178.0700073,177.8842926,76053800
7/21/2022,178.8500061,181.4400024,175.4499969,180.5,180.3117676,55704900
7/22/2022,178.9299927,179.6699982,171.3699951,173.1900024,173.0093689,53667100
7/25/2022,170.1900024,171.2400055,166.4900055,170.2400055,170.062439,48074800
7/26/2022,168.8899994,169.1900024,164.7799988,165.3300018,165.1575928,39786500
7/27/2022,170.3200073,179.3600006,169.1300049,177.8999939,177.7144623,56977600
7/28/2022,179.75,181.3999939,174.3999939,179.8399963,179.6524658,47464600
7/29/2022,178.1300049,182.4400024,176.9199982,181.6300049,181.4405975,43546000
8/1/2022,181.8200073,188.4600067,179.8999939,184.4100037,184.2176971,47646900
8/2/2022,181.2200012,189.3800049,180.9199982,185.2599945,185.0667877,48952700
8/3/2022,181.8399963,189.6799927,181.3699951,188.9299927,188.7329712,41814600
8/4/2022,188.4900055,192.7400055,187.6000061,192.1499939,191.949585,40965200
8/5/2022,188.1000061,192.2899933,186.6600037,189.8899994,189.6919556,38606800
8/8/2022,175.0200043,182.3899994,172.4199982,177.9299927,177.7444458,98185900
8/9/2022,172.5200043,174.4700012,167.2400055,170.8600006,170.6818085,66826300
8/10/2022,176.9799957,181.1799927,173.1699982,180.9700012,180.7812805,59742200
8/11/2022,181.3099976,187.0700073,178.7599945,179.4199982,179.2328949,50932700
8/12/2022,181.6000061,187.1799927,179.5299988,187.0899963,186.8948822,47809400
8/15/2022,187.0099945,191.6399994,186.1300049,190.3200073,190.1215363,45766600
8/16/2022,189.1999969,191.4199982,185.0099945,188.7899933,188.5931091,45124000
8/17/2022,185.2299957,186.8800049,181.4499969,183.3500061,183.1587982,44679900
8/18/2022,183.0099945,188.6499939,181.8300018,187.7299957,187.5341949,41544700
8/19/2022,184.0599976,185.1999969,177.6999969,178.4900055,178.3038635,44158800
8/22/2022,174.8999939,175.5800018,169.6600037,170.3399963,170.1623535,40959300
8/23/2022,169.8899994,174.6499939,169.6999969,171.8099976,171.6308136,36998600
8/24/2022,170.1199951,174.0599976,168.9499969,172.2200012,172.0404053,52266100
8/25/2022,168.4400024,179.4700012,168.3300018,179.1300049,178.9431763,77069100
8/26/2022,178.5700073,179.2400055,162.3699951,162.6000061,162.4304504,76912700
8/29/2022,160.1999969,163.3800049,157.6699982,158.0099945,157.8451996,49613200
8/30/2022,159.6000061,160.3899994,151.8200073,154.6799927,154.5186615,53018100
8/31/2022,153.8399963,155.3999939,149.5899963,150.9400024,150.782608,57371000
9/1/2022,142.0899963,143.8000031,132.6999969,139.3699951,139.2246399,117886500
9/2/2022,141,141.7100067,135.9100037,136.4700012,136.3276978,74315700
9/6/2022,137.3099976,137.7899933,133.5099945,134.6499939,134.509552,53575100
9/7/2022,135.6300049,138.3800049,133.4600067,137.1399994,137.0376892,51265700
9/8/2022,134.5899963,140.0800018,133.6900024,139.8999939,139.7956238,62487300
9/9/2022,141.5700073,144.7400055,141.2599945,143.8699951,143.7626648,48661200
9/12/2022,143.6900024,145.4700012,141.9799957,145.0500031,144.9417877,48415900
9/13/2022,138.0200043,139.2200012,130.9900055,131.3099976,131.2120361,71495600
9/14/2022,132.5399933,132.8999939,129.1300049,131.2799988,131.1820831,58850700
9/15/2022,130.1499939,132.3300018,127.9000015,129.2899933,129.1935425,52362500
9/16/2022,127.4199982,132.1199951,126.1699982,131.9799957,131.881546,67075100
9/19/2022,130.1199951,134.6300049,130.1000061,133.8200073,133.7201843,56968500
9/20/2022,132.1499939,134.8300018,130.5700073,131.7599945,131.6616821,52481800
9/21/2022,132.1300049,140.3099976,131.1000061,132.6100006,132.5110626,80767900
9/22/2022,130.6999969,131.4900055,124.2799988,125.6100006,125.5162888,75916200
9/23/2022,124.1999969,126.1100006,122.5699997,125.1600037,125.0666275,66330900
9/26/2022,124.9100037,126.5899963,122.1399994,122.2799988,122.1887741,54734300
9/27/2022,125.0699997,127.3600006,122.5800018,124.1299973,124.0373917,55385400
9/28/2022,124.0999985,128.2299957,123.5400009,127.3600006,127.2649841,54241400
9/29/2022,124.4800034,125,119.4599991,122.1999969,122.1088257,53276300
9/30/2022,120.8700027,126.3300018,120.75,121.3899994,121.2994461,56563800
10/3/2022,123.4700012,126.7799988,121.0500031,125.1200027,125.0266724,54747800
10/4/2022,128.7899933,132.1999969,128.7899933,131.6699982,131.5717773,58418200
10/5/2022,129.1100006,133.2100067,126.2099991,132.0899963,131.9914551,50713100
10/6/2022,132.1999969,136.5599976,131.0299988,131.3000031,131.2020721,64415700
10/7/2022,125.0500031,126.6999969,120.2200012,120.7600021,120.6699219,67247800
10/10/2022,120.3700027,121.2399979,114.0800018,116.6999969,116.6129456,69869900
10/11/2022,115.6100006,118.4599991,112.8300018,115.8600006,115.7735672,66748200
10/12/2022,115.7900009,117.3499985,113.4499969,115,114.9142075,49259000
10/13/2022,109.7099991,120.7799988,108.1299973,119.5999985,119.5107651,85010300
10/14/2022,120.5699997,121.1100006,112.0400009,112.2699966,112.1862335,71343200
10/17/2022,115.1800003,119.4800034,115.1699982,118.8799973,118.7913055,58077400
10/18/2022,123.4400024,124.9199982,116.1800003,119.6699982,119.5807266,65936200
10/19/2022,118.7900009,123.5,118.3399963,120.5100021,120.4200974,52313100
10/20/2022,121.1299973,127.6900024,121.0500031,121.9400024,121.8490295,65239800
10/21/2022,120.9800034,124.9800034,118.8700027,124.6600037,124.567009,60949400
10/24/2022,125.0800018,127.0999985,120.6399994,125.9899979,125.8960037,51745700
10/25/2022,126.9400024,133,126.6399994,132.6100006,132.5110626,50548200
10/26/2022,128.6900024,133.8800049,127.0800018,128.9600067,128.8638,53295300
10/27/2022,136.3000031,138.3800049,131.2200012,131.7599945,131.6616821,58311300
10/28/2022,131.0399933,138.5,130.6100006,138.3399963,138.2367859,52104000
10/31/2022,137.7799988,138.3800049,132.9700012,134.9700012,134.8693237,48634100
11/1/2022,138.1100006,139.25,135.1900024,135.4299927,135.3289642,43281700
11/2/2022,138.5,142.1000061,132.1100006,132.1900024,132.0914001,67262800
11/3/2022,130.4299927,137.8099976,129.5599976,134.2100067,134.1098785,50006500
11/4/2022,139.8600006,142.2899933,136.9700012,141.5599976,141.4543762,61257600
11/7/2022,142.2799988,144.1199951,139.5399933,143.0099945,142.9033051,41006100
11/8/2022,148.0099945,148.9100037,142.1600037,146.0200043,145.9110565,59529200
11/9/2022,141.6199951,142.1100006,137.5899963,137.7599945,137.6572266,45441400
11/10/2022,148,157.7299957,145.4700012,157.5,157.3824921,70081900
11/11/2022,158.0700073,163.8899994,154.8200073,163.2700043,163.1481934,65548700
11/14/2022,162.1799927,165.3999939,159.2200012,162.9499969,162.8284302,52785200
11/15/2022,167.2200012,169.9799957,163.8200073,166.6600037,166.5356598,54587600
11/16/2022,161.6199951,163.6199951,158.7299957,159.1000061,158.9812927,64954700
11/17/2022,157.1499939,162.6600037,155.3500061,156.7700043,156.6530304,71089400
11/18/2022,159.6600037,160.0200043,151.1999969,154.0899963,153.9750366,49207200
11/21/2022,151.4700012,154.7700043,150.8000031,153.1699982,153.0557251,40473900
11/22/2022,153.2799988,160.5800018,151.2200012,160.3800049,160.2603607,47286600
11/23/2022,160.9799957,165.2700043,160.4799957,165.1900024,165.0667725,42724100
11/25/2022,163.1799927,164.8699951,161.7200012,162.6999969,162.5786133,16793400
11/28/2022,160.2599945,163.5700073,157.25,158.2700043,158.1519318,30374100
11/29/2022,158.2700043,159.3200073,155.1999969,156.3899994,156.2733307,29838400
11/30/2022,156.9700012,169.3000031,155.9700012,169.2299957,169.1470184,56529800
12/1/2022,169.9900055,172.6499939,166.3500061,171.3500061,171.265976,47097700
12/2/2022,166.5899963,169.3300018,164.4499969,168.7599945,168.6772308,37138900
12/5/2022,166.7899933,169.9499969,164.7200012,166.1000061,166.0185547,35225500
12/6/2022,165.3000031,165.7299957,158.1900024,159.8699951,159.7915955,35269400
12/7/2022,157.7200012,161.8600006,156.6699982,161.1999969,161.1209564,37238800
12/8/2022,162.7299957,171.7899933,159.5899963,171.6900024,171.6058044,51545600
12/9/2022,171.6000061,175.8300018,169.75,170.0099945,169.9266052,46533800
12/12/2022,170.3699951,175.3800049,167.9700012,175.3500061,175.2640228,45732800
12/13/2022,185.3099976,187.8999939,177.1100006,180.7200012,180.6313934,65658900
12/14/2022,179.8699951,182.5200043,174.1999969,176.7400055,176.6533508,49688800
12/15/2022,171.4600067,173.1999969,167,169.5200043,169.4368744,47854200
12/16/2022,168.6399994,170.4100037,164.1000061,165.7100067,165.6287384,47823200
12/19/2022,165.7200012,166.0899963,161.4499969,162.5399933,162.4602966,35403900
12/20/2022,160.6399994,163.1000061,158.5200043,160.8500061,160.7711182,40326000
12/21/2022,161.1399994,166.2700043,161.0200043,165.0099945,164.9290619,32502500
12/22/2022,160.9400024,161.3800049,148.8200073,153.3899994,153.3147736,56504500
12/23/2022,151.9600067,153.3899994,148.8300018,152.0599976,151.9854279,34932600
12/27/2022,150.7400055,151,140.5599976,141.2100067,141.1407623,46490200
12/28/2022,139.2700043,142.6199951,138.8399963,140.3600006,140.291153,35106600
12/29/2022,144.0200043,146.8300018,142.2700043,146.0299988,145.9583893,35492300
12/30/2022,143.3399963,146.2899933,142.3300018,146.1399994,146.0683289,31049000
1/3/2023,148.5099945,149.9600067,140.9600067,143.1499939,143.0797729,40127700
1/4/2023,145.6699982,148.5299988,142.4100037,147.4900055,147.4176788,43132400
1/5/2023,144.9100037,145.6399994,141.4799957,142.6499939,142.5800476,38916800
1/6/2023,144.7400055,150.1000061,140.3399963,148.5899963,148.5171204,40504400
1/9/2023,152.8399963,160.5599976,151.4100037,156.2799988,156.2033539,50423100
1/10/2023,155.0700073,159.6199951,154.7200012,159.0899963,159.0119629,38410100
1/11/2023,158.3999939,160.2799988,155.6300049,160.0099945,159.9315186,35328500
1/12/2023,161,166.3699951,154.9199982,165.1100006,165.0290375,55140900
1/13/2023,162.7799988,169.2200012,161.6499939,168.9900055,168.907135,44728700
1/17/2023,168.9900055,177.2799988,168.9900055,177.0200043,176.9332123,51110200
1/18/2023,176.6699982,178.7299957,172.8200073,173.7700043,173.6847992,43962400
1/19/2023,170.3600006,171.9700012,167.3099976,167.6499939,167.5677795,45293200
1/20/2023,170.1100006,178.5599976,168.25,178.3899994,178.3025055,56496700
1/23/2023,180.6399994,192.4499969,178.1799927,191.9299927,191.8358765,65516300
1/24/2023,188.2700043,194.9499969,188.1999969,192.6499939,192.5555267,49620400
1/25/2023,189.1300049,193.6999969,185.8000031,193.2299957,193.1352386,44953700
1/26/2023,197.0099945,201.6600037,192.7799988,198.0200043,197.9228973,48953500
1/27/2023,194.6199951,206.2799988,194.0500031,203.6499939,203.5501251,54214200
1/30/2023,199.5,201.3999939,191.5,191.6199951,191.5260315,48861100
1/31/2023,191.6999969,196.8699951,189.5,195.3699951,195.2741852,49801700
2/1/2023,196.9100037,211.9199982,196.1100006,209.4299927,209.3272858,66047700
2/2/2023,210,219.4900055,207,217.0899963,216.9835358,56427600
2/3/2023,210,217.4499969,207.8899994,211,210.8965149,42936600
2/6/2023,208.0599976,215.6999969,207.8600006,210.8899994,210.7865906,45219700
2/7/2023,213.8200073,222.5899963,211.5,221.7299957,221.6212616,66415000
2/8/2023,223.8699951,228.7799988,220.0800018,222.0500031,221.9411316,55965100
2/9/2023,226.0599976,230.1999969,221.1999969,223.3699951,223.2604523,52387600
2/10/2023,216.8999939,220.7799988,208.1100006,212.6499939,212.5457153,55073700
2/13/2023,215.3800049,220.4799957,209.6199951,217.8800049,217.7731628,47491900
2/14/2023,215.7799988,230.4900055,213.6600037,229.7100067,229.5973358,67547400
2/15/2023,225.4900055,228.5500031,221.0599976,227.6399994,227.5283356,42057500
2/16/2023,221.3300018,225.5,219.2700043,220.0200043,219.9120941,41202600
2/17/2023,216.3099976,217.3999939,209.75,213.8800049,213.7751312,46588800
2/21/2023,210,214.9400024,206.1799927,206.5500031,206.4487,41001500
2/22/2023,207.0700073,211.0399933,204.2100067,207.5399933,207.4382172,51318400
2/23/2023,234.3999939,238.8800049,230.25,236.6399994,236.5239563,111799500
2/24/2023,232.25,234.7400055,229.4700012,232.8600006,232.7457886,58971600
2/27/2023,236.6999969,238.8000031,234.5399933,235.0099945,234.8947449,45299400
2/28/2023,233.7200012,238.25,232.0599976,232.1600037,232.0461578,45596300
3/1/2023,231.9199982,232.5599976,225.0800018,226.9799957,226.8686981,46002600
3/2/2023,224.8800049,233.8000031,224.3200073,233.1399994,233.0256805,38941500
3/3/2023,233.1999969,239,231.3000031,238.8999939,238.7828522,41239300
3/6/2023,238.9100037,242.4799957,234.8699951,235.5399933,235.4244843,43742900
3/7/2023,236,241.25,232.4100037,232.8800049,232.8053284,51515400
3/8/2023,234.8699951,242,234.2400055,241.8099976,241.7324677,51357300
3/9/2023,241.75,244.5399933,233.8300018,234.3600006,234.2848663,50125700
3/10/2023,234.0899963,236.2700043,227.2599945,229.6499939,229.576355,47486600
3/13/2023,227.5200043,232.9799957,222.9700012,229.6600037,229.5863647,42189000
3/14/2023,234.9600067,242.1900024,234.6000061,240.6300049,240.5528412,47491000
3/15/2023,237.6100006,242.8600006,233.6000061,242.2799988,242.202301,52448600
3/16/2023,240.2700043,255.8800049,238.9400024,255.4100037,255.3280945,58325300
3/17/2023,259.8200073,263.9899902,256.6799927,257.25,257.1675415,84854700
3/20/2023,256.1499939,260.2399902,251.3000031,259,258.9169617,43274700
3/21/2023,261.7999878,263.9200134,253.8099976,261.9899902,261.9059753,54740800
3/22/2023,264.25,275.8900146,262.3699951,264.6799927,264.5951233,79729500
3/23/2023,271.1499939,274.9899902,266.8999939,271.9100037,271.8228149,56488900
3/24/2023,270.3099976,271.6700134,263.5499878,267.7900085,267.7041321,45492000
3/27/2023,268.3699951,270,263.6499939,265.3099976,265.2249451,36102600
3/28/2023,264.4700012,265.1300049,258.5,264.1000061,264.0153198,35610400
3/29/2023,268.25,270.7799988,265.9700012,269.8399963,269.753479,39369400
3/30/2023,272.2900085,274.9899902,271.019989,273.8299866,273.7421875,36451600
3/31/2023,271.3999939,278.3399963,271.0499878,277.769989,277.6809082,43393300
4/3/2023,275.0899963,280,273.3599854,279.6499939,279.5603027,39871600
4/4/2023,279.6600037,280,273.0700073,274.5299988,274.4419556,36859200
4/5/2023,268.2900085,269.980011,263.9500122,268.8099976,268.7238464,51501500
4/6/2023,265.8399963,270.7999878,264.269989,270.3699951,270.2832947,39765400
4/10/2023,268.230011,276.2099915,266.6900024,275.7900085,275.7015686,39527900
4/11/2023,277.2399902,277.8999939,271.2600098,271.6900024,271.6028748,31437800
4/12/2023,273.7000122,274.6799927,264.480011,264.9500122,264.8650818,44625900
4/13/2023,267.3399963,268.8699951,263.2900085,264.6300049,264.545166,35361500
4/14/2023,265.0400085,268.8299866,262.2000122,267.5799866,267.4942017,39566000
4/17/2023,265.6499939,270.0599976,264.3299866,270.019989,269.9334106,32147100
4/18/2023,275.3299866,281.1000061,273.5700073,276.6700134,276.5812988,60481200
4/19/2023,273.6099854,280,272.3200073,279.3099976,279.2204285,35866000
4/20/2023,276.7099915,280.2999878,270,271.0400085,270.9530945,42771300
4/21/2023,269.519989,271.8299866,267.2200012,271.1900024,271.1030579,34510300
4/24/2023,270.1300049,273.6600037,266.7099915,270.4200134,270.3332825,33928200
4/25/2023,270.7799988,272.4700012,262.25,262.4100037,262.3258667,37852700
4/26/2023,270.019989,273.2999878,267.0499878,269.5599976,269.4735718,40633700
4/27/2023,273.6300049,274.9500122,266.25,272.2600098,272.1727295,37716100
4/28/2023,272.25,277.5799866,270.7099915,277.4899902,277.4010315,29168700
5/1/2023,278.3999939,290.5799866,277.7999878,289.1000061,289.0073242,57032900
5/2/2023,286.7999878,288.3599854,280.8299866,282.1000061,282.0095825,40273000
5/3/2023,278.3999939,283.6700134,274.7200012,278.019989,277.9308472,38338700
5/4/2023,276.5100098,278.5899963,272.3999939,275.6199951,275.5316162,32185000
5/5/2023,278.2600098,287.5499878,277.3099976,286.7999878,286.7080383,36101400
5/8/2023,285.2200012,292.2000122,283.5,291.5100098,291.4165344,34497900
5/9/2023,288.9899902,289.730011,284.5,285.7099915,285.6183777,31486900
5/10/2023,290.0499878,291.1300049,284.6099854,288.8500061,288.7573853,36935000
5/11/2023,288.9599915,289.5,282.4599915,285.7799988,285.688385,32214900
5/12/2023,285.2900085,287.7999878,280.4599915,283.3999939,283.3091431,27402700
5/15/2023,285.0799866,289.6900024,281.519989,289.5299988,289.4371643,29392600
5/16/2023,288.4100037,298.7000122,288.3200073,292.1300049,292.0363464,44940500
5/17/2023,295.8399963,301.9899902,294.2999878,301.7799988,301.6832581,43253500
5/18/2023,304.1000061,318.2799988,303.2000122,316.7799988,316.6784058,74872500
5/19/2023,315.3599854,315.7999878,309.1600037,312.6400146,312.5397644,47312400
5/22/2023,309.0100098,315.2000122,306.7999878,311.7600098,311.6600647,37200000
5/23/2023,310,312.8800049,306.3099976,306.8800049,306.7816162,35625300
5/24/2023,302.1000061,306.0700073,298.0599976,305.3800049,305.2821045,72141900
5/25/2023,385.230011,394.7999878,366.3500061,379.7999878,379.6781921,154391100
5/26/2023,378.8999939,391.7000122,375.5,389.4599915,389.335144,71439700
5/30/2023,405.9500122,419.3800049,399.4899902,401.1099854,400.9813843,92340100
5/31/2023,394.8800049,402.9500122,378.2200012,378.3399963,378.218689,100258000
6/1/2023,384.8900146,400.5,383.3999939,397.7000122,397.5725098,63587300
6/2/2023,400.9700012,405,390.5799866,393.269989,393.1439209,48165500
6/5/2023,389.0899963,395.6499939,387.0700073,391.7099915,391.5844116,39609400
6/6/2023,388.2999878,391.6000061,381.480011,386.5400085,386.4160767,38872900
6/7/2023,389.1499939,394.9899902,373.5599976,374.75,374.6686096,51199800
6/8/2023,377.2399902,388.6400146,375.0499878,385.1000061,385.0163879,41777200
6/9/2023,390.3699951,397.1099854,385.6700134,387.7000122,387.6158142,42722000
6/12/2023,392,395.2999878,386.1799927,394.8200073,394.7342529,38870100
6/13/2023,401.8599854,411.0100098,397.3999939,410.2200012,410.1309204,61320800
6/14/2023,408.2399902,430,405.519989,429.9700012,429.8766174,74046500
6/15/2023,426.019989,432.8900146,421.4700012,426.5299988,426.4373474,56862200
6/16/2023,434.5,437.2099915,426.6099854,426.9200134,426.827301,65475500
6/20/2023,429.980011,439.8999939,426.7399902,438.0799866,437.9848633,45115300
6/21/2023,435.0100098,436.1499939,420.7999878,430.4500122,430.3565063,55160300
6/22/2023,422.5299988,434.2600098,422.3399963,430.25,430.1565857,41773700
6/23/2023,424.6400146,428.0899963,420.1499939,422.0899963,421.9983215,35632300
6/26/2023,424.6099854,427.6400146,401,406.3200073,406.2317505,59432200
6/27/2023,407.9899902,419.3999939,404.480011,418.7600098,418.6690674,46217500
6/28/2023,406.6000061,418.4500122,405.1799927,411.1700134,411.0806885,58263900
6/29/2023,415.5799866,416,406,408.2200012,408.1313477,38051400
6/30/2023,416.7999878,425.5,415.0100098,423.019989,422.9281006,50053400
7/3/2023,425.1700134,428.980011,422.019989,424.1300049,424.0378723,19820900
7/5/2023,421.3500061,431.769989,420.8500061,423.1700134,423.078125,32361800
7/6/2023,418.4400024,421.7900085,413.4599915,421.0299988,420.9385681,30358200
7/7/2023,423.2200012,432.1400146,421.7999878,425.0299988,424.9377136,35525300
7/10/2023,426.5700073,428.1099854,416.4899902,421.7999878,421.7084045,35390800
7/11/2023,424.8099976,427.5799866,420.6700134,424.0499878,423.9578552,29824400
7/12/2023,430.3299866,439.3500061,427.769989,439.019989,438.9246216,48127700
7/13/2023,445.1799927,461.5499878,444.9200134,459.769989,459.670105,47820400
7/14/2023,465.8299866,480.8800049,450.6000061,454.6900024,454.5912476,77066400
7/17/2023,462.8900146,464.9599915,452.6199951,464.6099854,464.5090942,51048800
7/18/2023,467.0100098,478.9599915,457.3399963,474.9400024,474.836853,57019000
7/19/2023,474.6400146,478.1799927,467.4200134,470.769989,470.6677246,42750200
7/20/2023,465.0700073,470.8699951,450.6199951,455.2000122,455.1011353,53786500
7/21/2023,457.8800049,458.6600037,441,443.0899963,442.9937744,96283200
7/24/2023,447.3099976,451.0899963,440.3999939,446.1199951,446.0231018,38251600
7/25/2023,449.4100037,461.8299866,449.230011,456.7900085,456.6907959,34808100
7/26/2023,460.2099915,460.5299988,446.2999878,454.519989,454.4212646,36423700
7/27/2023,465.1900024,473.9500122,457.5,459,458.9003296,45597600
7/28/2023,466.6799927,470.269989,463.8099976,467.5,467.398468,33119400
7/31/2023,467.5400085,471.2999878,465.0599976,467.2900085,467.1885376,25105500
8/1/2023,464.6000061,469,460.269989,465.0700073,464.9689941,23785800
8/2/2023,458.3099976,458.3999939,433.8699951,442.6900024,442.5938721,53014200
8/3/2023,438,451.1799927,438,445.1499939,445.0533447,32417600
8/4/2023,449.8500061,456.4200134,443.9299927,446.7999878,446.7029419,36225800
8/7/2023,451.1099854,455.3999939,445.6300049,454.1700134,454.0713806,32215400
8/8/2023,448.5299988,452.4200134,440.5599976,446.6400146,446.5430298,35384300
8/9/2023,442.7399902,443.1199951,421.3399963,425.5400085,425.4475708,58644900
8/10/2023,421.6000061,435.7399902,418.3500061,423.8800049,423.7879639,49270500
8/11/2023,417.5100098,420.1799927,406.3900146,408.5499878,408.4612427,53200900
8/14/2023,404.8599854,438,403.1099854,437.5299988,437.4349976,69028600
8/15/2023,445.6000061,452.6799927,437.1000061,439.3999939,439.3045654,67651200
8/16/2023,445.2000122,446.75,434.0599976,434.8599854,434.7655334,52745100
8/17/2023,439.7000122,440.6199951,430.0100098,433.4400024,433.3458557,45239500
8/18/2023,426.3500061,435.7799988,416.6000061,432.9899902,432.8959656,58262200
8/21/2023,444.9400024,470.6499939,442.2200012,469.6700134,469.5679932,69257300
8/22/2023,481.3500061,481.8699951,453.3299866,456.6799927,456.58078,75720700
8/23/2023,458.6600037,472,452.0799866,471.1600037,471.0576782,77904600
8/24/2023,502.1600037,502.6600037,471.5899963,471.6300049,471.5275574,115604400
8/25/2023,470.1199951,478.0499878,450.2399902,460.1799927,460.0800476,92534100
8/28/2023,464.8200073,469.7999878,448.8800049,468.3500061,468.248291,68519200
8/29/2023,466.6600037,490.8099976,463.9100037,487.8399963,487.7340393,70139700
8/30/2023,490.4400024,499.269989,484.25,492.6400146,492.53302,73520600
8/31/2023,493.7999878,497.4400024,489.5799866,493.5499878,493.4427795,52857000
9/1/2023,497.6199951,498,481.4200134,485.0899963,484.9846497,46319100
9/5/2023,482.230011,488.5100098,478.6000061,485.480011,485.3745728,38265300
9/6/2023,484.4100037,485.4899902,465.7999878,470.6099854,470.5465393,46867000
9/7/2023,455.25,463.4400024,451.519989,462.4100037,462.3476563,43333000
9/8/2023,459.4200134,466.0599976,452.7099915,455.7200012,455.6585693,47306900
9/11/2023,461.480011,461.6300049,443.1199951,451.7799988,451.7190857,47396600
9/12/2023,447.3800049,456.730011,445.3099976,448.7000122,448.6394958,34925600
9/13/2023,446,459.2999878,445.0299988,454.8500061,454.7886963,39835500
9/14/2023,459.5,459.8699951,451.3099976,455.8099976,455.7485352,37009700
9/15/2023,453.4100037,455.9899902,438.0799866,439,438.9407959,50571300
9/18/2023,427.480011,442.4200134,420,439.6600037,439.600708,50027100
9/19/2023,438.3299866,439.6600037,430.019989,435.2000122,435.1413269,37306400
9/20/2023,436,439.0299988,422.230011,422.3900146,422.3330688,36710800
9/21/2023,415.8299866,421,409.7999878,410.1700134,410.1147156,44893000
9/22/2023,415.7200012,421.1499939,412.3099976,416.1000061,416.0438843,47923600
9/25/2023,415.9100037,425.3599854,411.769989,422.2200012,422.1630859,41909100
9/26/2023,420.0100098,428.2000122,416.5499878,419.1099854,419.0534973,40228200
9/27/2023,423.2999878,428.7200012,416.2900085,424.6799927,424.6227417,44493500
9/28/2023,424.6000061,434.4599915,421.1499939,430.8900146,430.8319397,42466300
9/29/2023,438.269989,441.4400024,433.0700073,434.9899902,434.9313354,39722100
10/2/2023,440.2999878,451.75,438.6099854,447.8200073,447.7596436,43329800
10/3/2023,448.0799866,451.2999878,432.4599915,435.1700134,435.1113281,47085000
10/4/2023,437.4200134,441.4299927,432.9200134,440.4100037,440.3506165,36182100
10/5/2023,440.5,449,438.8800049,446.8800049,446.8197632,39348300
10/6/2023,441.9299927,457.8900146,440.2600098,457.6199951,457.5583191,43339700
10/9/2023,448.4200134,456.0499878,443.6799927,452.730011,452.6689758,40967500
10/10/2023,453.1000061,462.5899963,450.8800049,457.980011,457.9182739,36858200
10/11/2023,461.9599915,468.5899963,460.5,468.0599976,467.9969177,37813700
10/12/2023,467.769989,476.0899963,463.2999878,469.4500122,469.3867188,48132500
10/13/2023,469.6000061,471.1600037,452.7999878,454.6099854,454.5486755,47411500
10/16/2023,450.6300049,462.25,449.1199951,460.9500122,460.8878784,37509900
10/17/2023,440,447.5400085,424.7999878,439.3800049,439.3207703,81233300
10/18/2023,425.9100037,432.1900024,418.25,421.9599915,421.9030762,62729400
10/19/2023,428.1099854,432.9700012,418.8200073,421.0100098,420.9532471,50123300
10/20/2023,418.8999939,424.7000122,410.7799988,413.8699951,413.814209,47638100
10/23/2023,412.2900085,432.480011,409.4500122,429.75,429.6920471,47853000
10/24/2023,430.769989,436.9700012,426.9100037,436.6300049,436.5711365,40146300
10/25/2023,433.980011,436.5,415.5499878,417.7900085,417.7336731,39837900
10/26/2023,418.5299988,422.5599976,398.7999878,403.2600098,403.2056274,54100100
10/27/2023,411.2999878,412.0599976,400.1499939,405,404.9454041,41678400
10/30/2023,410.8699951,417.6600037,404.8099976,411.6099854,411.5544739,38802800
10/31/2023,404.5,408.7900085,392.2999878,407.7999878,407.7449951,51796900
11/1/2023,408.8399963,423.8099976,408.6900024,423.25,423.1929321,43759300
11/2/2023,433.2799988,438.8399963,428.9400024,435.0599976,435.0013428,40917200
11/3/2023,440.2000122,453.0899963,437.230011,450.0499878,449.9892883,42385500
11/6/2023,452.8500061,459.3500061,448.9899902,457.5100098,457.4483337,40073300
11/7/2023,457.1900024,462.1799927,451.5799866,459.5499878,459.4880371,34316500
11/8/2023,461,468.6700134,459.6799927,465.7399902,465.6771851,34671900
11/9/2023,474.6700134,482.2999878,467.5,469.5,469.436676,54049600
11/10/2023,475,484.7200012,472.8299866,483.3500061,483.2848511,42124500
11/13/2023,483.2000122,491.1600037,480.9899902,486.2000122,486.1344604,38413600
11/14/2023,496.7999878,498.3399963,490.3999939,496.5599976,496.493042,41695400
11/15/2023,499.3500061,499.6000061,482,488.8800049,488.8141174,47549700
11/16/2023,486.7900085,495.25,483.2999878,494.7999878,494.7333069,33975600
11/17/2023,495.2399902,497.1700134,490.0700073,492.980011,492.9135437,32520500
11/20/2023,493.1199951,505.480011,491.8099976,504.0899963,504.0220337,41412000
11/21/2023,501.2600098,505.1700134,492.2200012,499.4400024,499.3726501,56574700
11/22/2023,498.519989,503.3500061,476.8999939,487.1600037,487.0943298,89942000
11/24/2023,484.7000122,489.2099915,477.4500122,477.7600098,477.6956177,29464500
11/27/2023,478,485.2999878,476.519989,482.4200134,482.3549805,39566200
11/28/2023,482.3599854,483.230011,474.730011,478.2099915,478.1455078,40149100
11/29/2023,483.7900085,487.6199951,478.6000061,481.3999939,481.335083,38200500
11/30/2023,480.2399902,481.1000061,464.2200012,467.7000122,467.6369629,52624700
12/1/2023,465.25,472,461.8699951,467.6499939,467.5869446,36880900
12/4/2023,460.769989,460.769989,450.1000061,455.1000061,455.0386658,43754300
12/5/2023,454.6600037,466,452.7099915,465.6600037,465.6381531,37171800
12/6/2023,472.1499939,473.8699951,454.1199951,455.0299988,455.008667,38059000
12/7/2023,457,466.2900085,456.0400085,465.9599915,465.9381409,35082300
12/8/2023,465.9500122,477.4100037,465.5,475.0599976,475.0377197,35880300
12/11/2023,474.9100037,475.3099976,458.2999878,466.269989,466.2481079,50972800
12/12/2023,460.4599915,476.6600037,460.4599915,476.5700073,476.5476379,37238700
12/13/2023,476.2900085,485.9400024,476.0799866,480.8800049,480.8574524,44779200
12/14/2023,483.8999939,486.7000122,474.2200012,483.5,483.4773254,39123200
12/15/2023,481.9400024,494.0400085,481.2000122,488.8999939,488.8770752,47947800
12/18/2023,494,504.3299866,491.5,500.769989,500.7464905,41258700
12/19/2023,494.2399902,497,488.9500122,496.0400085,496.0167542,46444400
12/20/2023,496.5499878,499.9899902,480.980011,481.1099854,481.0874023,39789400
12/21/2023,488.1099854,490.9500122,484.1900024,489.8999939,489.8770142,30042500
12/22/2023,491.9500122,493.8299866,484.6700134,488.2999878,488.2770691,25213900
12/26/2023,489.6799927,496,489.6000061,492.7900085,492.7669067,24420000
12/27/2023,495.1099854,496.7999878,490.8500061,494.1700134,494.1468201,23364800
12/28/2023,496.4299927,498.8399963,494.1199951,495.2200012,495.1967773,24658700
12/29/2023,498.1300049,499.9700012,487.5100098,495.2200012,495.1967773,38869000
1/2/2024,492.4400024,492.9500122,475.9500122,481.6799927,481.6574097,41125400
1/3/2024,474.8500061,481.8399963,473.2000122,475.6900024,475.6676941,32089600
1/4/2024,477.6700134,485,475.0799866,479.980011,479.957489,30653500
1/5/2024,484.6199951,495.4700012,483.0599976,490.9700012,490.9469604,41456800
1/8/2024,495.1199951,522.75,494.7900085,522.5300293,522.5054932,64251000
1/9/2024,524.0100098,543.25,516.9000244,531.4000244,531.3751221,77310000
1/10/2024,536.1599731,546,534.8900146,543.5,543.4744873,53379600
1/11/2024,549.9899902,553.460022,535.5999756,548.2199707,548.1942749,59675900
1/12/2024,546.2000122,549.7000122,543.2999878,547.0999756,547.0743408,35247900
1/16/2024,550.1799927,568.3499756,549,563.8200073,563.7935791,44958000
1/17/2024,563.4699707,564.710022,547.4000244,560.5300293,560.5037231,47439400
1/18/2024,572.5999756,576,561.0700073,571.0700073,571.0432129,49165000
1/19/2024,579.8900146,595,572.25,594.9099731,594.8820801,54210300
1/22/2024,600.4899902,603.3099976,590.7000122,596.539978,596.5120239,45295500
1/23/2024,595.7000122,599.0999756,585.8499756,598.7299805,598.7019043,29465400
1/24/2024,603.039978,628.4899902,599.3800049,613.6199951,613.5911865,56027100
1/25/2024,623.5,627.1900024,608.5,616.1699829,616.1410522,48277700
1/26/2024,609.5999756,617.8300171,605.7299805,610.3099976,610.2813721,39030900
1/29/2024,612.3200073,624.8900146,609.0700073,624.6500244,624.6207275,34873300
1/30/2024,629,634.9299927,622.5999756,627.7399902,627.7105713,41073500
1/31/2024,614.4000244,622.6900024,607,615.2700195,615.2411499,45379500
2/1/2024,621,631.9099731,616.5,630.2700195,630.2404785,36914600
2/2/2024,639.7399902,666,636.9000244,661.5999756,661.5689697,47578000
2/5/2024,682.25,694.9699707,672.0499878,693.3200073,693.2874756,68007800
2/6/2024,696.2999878,697.539978,663,682.2299805,682.197998,68311100
2/7/2024,683.1900024,702.2000122,676,700.9899902,700.9570923,49557500
2/8/2024,700.7399902,707.9400024,694.5499878,696.4099731,696.3773193,41442200
2/9/2024,705.3300171,721.8499756,702.1199951,721.3300171,721.2962036,43663700
2/12/2024,726,746.1099854,712.5,722.4799805,722.446106,61371000
2/13/2024,704,734.5,696.2000122,721.2800293,721.2462158,60258000
2/14/2024,732.0200195,742.3599854,719.3800049,739,738.965332,50491700
2/15/2024,738.6900024,739.75,724,726.5800171,726.5459595,42012200
2/16/2024,741,744.0200195,725.0100098,726.1300049,726.0959473,49391800
2/20/2024,719.4699707,719.5599976,677.3400269,694.5200195,694.4874268,70483300
2/21/2024,680.0599976,688.8800049,662.4799805,674.7199707,674.6882935,69029800
2/22/2024,750.25,785.75,742.2000122,785.3800049,785.3431396,86510000
2/23/2024,807.9000244,823.9400024,775.7000122,788.1699829,788.1329956,82938800
2/26/2024,797,806.460022,785.0499878,790.9199829,790.8828735,50397300
2/27/2024,793.8099976,794.7999878,771.6199951,787.0100098,786.9730835,39170500
2/28/2024,776.2000122,789.3300171,771.25,776.6300049,776.5935669,39311000
2/29/2024,790.9400024,799.9000244,783.5,791.1199951,791.0828857,50728900
3/1/2024,800,823,794.3499756,822.789978,822.7514038,47677700
3/4/2024,841.2999878,876.9500122,837.1900024,852.3699951,852.3300171,61561600
3/5/2024,852.7000122,860.9699707,834.1699829,859.6400146,859.6400146,52063900
3/6/2024,880.2199707,897.2399902,870.2999878,887,887,58252000
3/7/2024,901.5800171,927.6699829,896.0200195,926.6900024,926.6900024,60811900
3/8/2024,951.3800049,974,865.0599976,875.2800293,875.2800293,113299600
3/11/2024,864.289978,887.9699707,841.6599731,857.7399902,857.7399902,67836400
3/12/2024,880.4899902,919.5999756,861.5,919.1300049,919.1300049,66807500
3/13/2024,910.5499878,915.039978,884.3499756,908.8800049,908.8800049,63571300
3/14/2024,895.7700195,906.460022,866,879.4400024,879.4400024,60231800
3/15/2024,869.2999878,895.460022,862.5700073,878.3699951,878.3699951,64019300
3/18/2024,903.8800049,924.0499878,870.8499756,884.5499878,884.5499878,66897600
3/19/2024,867,905.4400024,850.0999756,893.9799805,893.9799805,67217100
3/20/2024,897.9699707,904.0999756,882.2299805,903.7199707,903.7199707,47906300
3/21/2024,923,926.4799805,904.0499878,914.3499756,914.3499756,48037200
3/22/2024,911.4099731,947.7800293,908.3400269,942.8900146,942.8900146,58521500
3/25/2024,939.4099731,967.6599731,935.0999756,950.0200195,950.0200195,55213600
3/26/2024,958.5100098,963.75,925.0200195,925.6099854,925.6099854,51364800
3/27/2024,931.1199951,932.4000244,891.2299805,902.5,902.5,58606700
3/28/2024,900,913,891.9299927,903.5599976,903.5599976,43521200
4/1/2024,902.9899902,922.25,892.039978,903.6300049,903.6300049,45244100
4/2/2024,884.4799805,900.9400024,876.2000122,894.5200195,894.5200195,43306400
4/3/2024,884.8400269,903.7399902,884,889.6400146,889.6400146,37006700
4/4/2024,904.0599976,906.3400269,858.7999878,859.0499878,859.0499878,43496500
4/5/2024,868.6599731,884.8099976,859.2600098,880.0800171,880.0800171,39885700
4/8/2024,887,888.2999878,867.3200073,871.3300171,871.3300171,28322000
4/9/2024,874.4199829,876.3499756,830.2199707,853.539978,853.539978,50354700
4/10/2024,839.2600098,874,837.0900269,870.3900146,870.3900146,43192900
4/11/2024,874.2000122,907.3900146,869.2600098,906.1599731,906.1599731,43163700
4/12/2024,896.9899902,901.75,875.2999878,881.8599854,881.8599854,42488900
4/15/2024,890.9799805,906.1300049,859.289978,860.0100098,860.0100098,44307700
4/16/2024,864.3300171,881.1799927,860.6400146,874.1500244,874.1500244,37045300
4/17/2024,883.4000244,887.75,839.5,840.3499756,840.3499756,49540000
4/18/2024,849.7000122,861.9000244,824.0200195,846.710022,846.710022,44726000
4/19/2024,831.5,843.2399902,756.0599976,762,762,87190500
4/22/2024,781.039978,800.7299805,764,795.1799927,795.1799927,59634100
4/23/2024,807.6900024,827.6900024,802.6400146,824.2299805,824.2299805,43855900
4/24/2024,839.5,840.8200073,791.8300171,796.7700195,796.7700195,51220800
4/25/2024,788.6799927,833.2299805,782.2299805,826.3200073,826.3200073,42464100
4/26/2024,838.1799927,883.3099976,833.8699951,877.3499756,877.3499756,55101100
4/29/2024,875.9500122,879.9199829,852.6599731,877.5700073,877.5700073,38897100
4/30/2024,872.4000244,888.1900024,863,864.0200195,864.0200195,36370900
5/1/2024,850.7700195,860,812.5499878,830.4099731,830.4099731,55986300
5/2/2024,844.4899902,862.3699951,832,858.1699829,858.1699829,37789800
5/3/2024,877.8900146,892.8099976,870.4000854,887.8300171,887.8300171,39834072
